Country;Month;Parameter;Value
Belize;2020-02;case_number;0
Belize;2020-03;case_number;2
Belize;2020-04;case_number;16
Belize;2020-05;case_number;0
Belize;2020-06;case_number;6
Belize;2020-07;case_number;24
Belize;2020-08;case_number;822
Belize;2020-09;case_number;938
Belize;2020-10;case_number;1242
Belize;2020-11;case_number;2537
Belize;2020-12;case_number;4903
Belize;2021-01;case_number;1387
Belize;2021-02;case_number;416
Belize;2021-03;case_number;122
Belize;2021-04;case_number;184
Belize;2021-05;case_number;192
Belize;2021-06;case_number;346
Belize;2021-07;case_number;780
Belize;2021-08;case_number;2095
Belize;2021-09;case_number;3588
Belize;2021-10;case_number;7198
Belize;2021-11;case_number;3367
Belize;2021-12;case_number;1338
Belize;2022-01;case_number;18984
Belize;2022-02;case_number;6110
Belize;2022-03;case_number;634
Belize;2022-04;case_number;190
Belize;2022-05;case_number;1630
Belize;2022-06;case_number;3988
Belize;2022-07;case_number;4074
Belize;2022-08;case_number;1076
Belize;2022-09;case_number;597
Belize;2022-10;case_number;159
Belize;2022-11;case_number;69
Belize;2022-12;case_number;663
Belize;2023-01;case_number;935
Costa Rica;2020-02;case_number;0
Costa Rica;2020-03;case_number;263
Costa Rica;2020-04;case_number;424
Costa Rica;2020-05;case_number;335
Costa Rica;2020-06;case_number;1814
Costa Rica;2020-07;case_number;10833
Costa Rica;2020-08;case_number;24816
Costa Rica;2020-09;case_number;32331
Costa Rica;2020-10;case_number;31010
Costa Rica;2020-11;case_number;35267
Costa Rica;2020-12;case_number;26969
Costa Rica;2021-01;case_number;29214
Costa Rica;2021-02;case_number;11065
Costa Rica;2021-03;case_number;10837
Costa Rica;2021-04;case_number;21752
Costa Rica;2021-05;case_number;77172
Costa Rica;2021-06;case_number;46903
Costa Rica;2021-07;case_number;37603
Costa Rica;2021-08;case_number;57176
Costa Rica;2021-09;case_number;65398
Costa Rica;2021-10;case_number;38516
Costa Rica;2021-11;case_number;6862
Costa Rica;2021-12;case_number;2963
Costa Rica;2022-01;case_number;112957
Costa Rica;2022-02;case_number;119992
Costa Rica;2022-03;case_number;32254
Costa Rica;2022-04;case_number;13058
Costa Rica;2022-05;case_number;43254
Costa Rica;2022-06;case_number;62712
Costa Rica;2022-07;case_number;90635
Costa Rica;2022-08;case_number;44331
Costa Rica;2022-09;case_number;29273
Costa Rica;2022-10;case_number;17724
Costa Rica;2022-11;case_number;10422
Costa Rica;2022-12;case_number;15552
Costa Rica;2023-01;case_number;24489
Dominican Republic;2020-02;case_number;0
Dominican Republic;2020-03;case_number;581
Dominican Republic;2020-04;case_number;5345
Dominican Republic;2020-05;case_number;10982
Dominican Republic;2020-06;case_number;13711
Dominican Republic;2020-07;case_number;30277
Dominican Republic;2020-08;case_number;32830
Dominican Republic;2020-09;case_number;17231
Dominican Republic;2020-10;case_number;13061
Dominican Republic;2020-11;case_number;18635
Dominican Republic;2020-12;case_number;23287
Dominican Republic;2021-01;case_number;46613
Dominican Republic;2021-02;case_number;26456
Dominican Republic;2021-03;case_number;12573
Dominican Republic;2021-04;case_number;12362
Dominican Republic;2021-05;case_number;26582
Dominican Republic;2021-06;case_number;31545
Dominican Republic;2021-07;case_number;17598
Dominican Republic;2021-08;case_number;9951
Dominican Republic;2021-09;case_number;7314
Dominican Republic;2021-10;case_number;24040
Dominican Republic;2021-11;case_number;25537
Dominican Republic;2021-12;case_number;7376
Dominican Republic;2022-01;case_number;138944
Dominican Republic;2022-02;case_number;21240
Dominican Republic;2022-03;case_number;3770
Dominican Republic;2022-04;case_number;1238
Dominican Republic;2022-05;case_number;4080
Dominican Republic;2022-06;case_number;19195
Dominican Republic;2022-07;case_number;26371
Dominican Republic;2022-08;case_number;9361
Dominican Republic;2022-09;case_number;7283
Dominican Republic;2022-10;case_number;2186
Dominican Republic;2022-11;case_number;2129
Dominican Republic;2022-12;case_number;8903
Dominican Republic;2023-01;case_number;1600
El Salvador;2020-02;case_number;0
El Salvador;2020-03;case_number;19
El Salvador;2020-04;case_number;255
El Salvador;2020-05;case_number;2121
El Salvador;2020-06;case_number;3332
El Salvador;2020-07;case_number;8494
El Salvador;2020-08;case_number;11316
El Salvador;2020-09;case_number;2878
El Salvador;2020-10;case_number;4170
El Salvador;2020-11;case_number;5820
El Salvador;2020-12;case_number;6214
El Salvador;2021-01;case_number;9370
El Salvador;2021-02;case_number;5877
El Salvador;2021-03;case_number;3900
El Salvador;2021-04;case_number;4552
El Salvador;2021-05;case_number;4928
El Salvador;2021-06;case_number;4238
El Salvador;2021-07;case_number;7207
El Salvador;2021-08;case_number;9369
El Salvador;2021-09;case_number;9618
El Salvador;2021-10;case_number;9744
El Salvador;2021-11;case_number;4619
El Salvador;2021-12;case_number;3700
El Salvador;2022-01;case_number;11521
El Salvador;2022-02;case_number;14524
El Salvador;2022-03;case_number;13266
El Salvador;2022-04;case_number;1037
El Salvador;2022-05;case_number;666
El Salvador;2022-06;case_number;6891
El Salvador;2022-07;case_number;21172
El Salvador;2022-08;case_number;0
El Salvador;2022-09;case_number;10967
El Salvador;2022-10;case_number;0
El Salvador;2022-11;case_number;0
El Salvador;2022-12;case_number;0
El Salvador;2023-01;case_number;0
Guatemala;2020-02;case_number;0
Guatemala;2020-03;case_number;77
Guatemala;2020-04;case_number;380
Guatemala;2020-05;case_number;4177
Guatemala;2020-06;case_number;11221
Guatemala;2020-07;case_number;28664
Guatemala;2020-08;case_number;29187
Guatemala;2020-09;case_number;16023
Guatemala;2020-10;case_number;14930
Guatemala;2020-11;case_number;17166
Guatemala;2020-12;case_number;13373
Guatemala;2021-01;case_number;23947
Guatemala;2021-02;case_number;15217
Guatemala;2021-03;case_number;18715
Guatemala;2021-04;case_number;28257
Guatemala;2021-05;case_number;32530
Guatemala;2021-06;case_number;37015
Guatemala;2021-07;case_number;59964
Guatemala;2021-08;case_number;112937
Guatemala;2021-09;case_number;84851
Guatemala;2021-10;case_number;52798
Guatemala;2021-11;case_number;16093
Guatemala;2021-12;case_number;7534
Guatemala;2022-01;case_number;60513
Guatemala;2022-02;case_number;88033
Guatemala;2022-03;case_number;49570
Guatemala;2022-04;case_number;18196
Guatemala;2022-05;case_number;17970
Guatemala;2022-06;case_number;33760
Guatemala;2022-07;case_number;144680
Guatemala;2022-08;case_number;58779
Guatemala;2022-09;case_number;22747
Guatemala;2022-10;case_number;20568
Guatemala;2022-11;case_number;12953
Guatemala;2022-12;case_number;42846
Guatemala;2023-01;case_number;30885
Honduras;2020-02;case_number;0
Honduras;2020-03;case_number;67
Honduras;2020-04;case_number;524
Honduras;2020-05;case_number;4295
Honduras;2020-06;case_number;11108
Honduras;2020-07;case_number;21565
Honduras;2020-08;case_number;21251
Honduras;2020-09;case_number;15030
Honduras;2020-10;case_number;18042
Honduras;2020-11;case_number;15252
Honduras;2020-12;case_number;11525
Honduras;2021-01;case_number;27451
Honduras;2021-02;case_number;22801
Honduras;2021-03;case_number;17426
Honduras;2021-04;case_number;19359
Honduras;2021-05;case_number;30755
Honduras;2021-06;case_number;21898
Honduras;2021-07;case_number;28286
Honduras;2021-08;case_number;48763
Honduras;2021-09;case_number;27619
Honduras;2021-10;case_number;12364
Honduras;2021-11;case_number;2507
Honduras;2021-12;case_number;1185
Honduras;2022-01;case_number;12801
Honduras;2022-02;case_number;20299
Honduras;2022-03;case_number;8448
Honduras;2022-04;case_number;1924
Honduras;2022-05;case_number;2568
Honduras;2022-06;case_number;1766
Honduras;2022-07;case_number;13022
Honduras;2022-08;case_number;14092
Honduras;2022-09;case_number;2343
Honduras;2022-10;case_number;798
Honduras;2022-11;case_number;889
Honduras;2022-12;case_number;5662
Honduras;2023-01;case_number;6871
Nicaragua;2020-02;case_number;0
Nicaragua;2020-03;case_number;2
Nicaragua;2020-04;case_number;9
Nicaragua;2020-05;case_number;874
Nicaragua;2020-06;case_number;1129
Nicaragua;2020-07;case_number;990
Nicaragua;2020-08;case_number;655
Nicaragua;2020-09;case_number;406
Nicaragua;2020-10;case_number;297
Nicaragua;2020-11;case_number;267
Nicaragua;2020-12;case_number;161
Nicaragua;2021-01;case_number;202
Nicaragua;2021-02;case_number;150
Nicaragua;2021-03;case_number;146
Nicaragua;2021-04;case_number;162
Nicaragua;2021-05;case_number;383
Nicaragua;2021-06;case_number;569
Nicaragua;2021-07;case_number;911
Nicaragua;2021-08;case_number;1554
Nicaragua;2021-09;case_number;1890
Nicaragua;2021-10;case_number;2109
Nicaragua;2021-11;case_number;464
Nicaragua;2021-12;case_number;201
Nicaragua;2022-01;case_number;150
Nicaragua;2022-02;case_number;277
Nicaragua;2022-03;case_number;264
Nicaragua;2022-04;case_number;149
Nicaragua;2022-05;case_number;137
Nicaragua;2022-06;case_number;111
Nicaragua;2022-07;case_number;188
Nicaragua;2022-08;case_number;124
Nicaragua;2022-09;case_number;114
Nicaragua;2022-10;case_number;121
Nicaragua;2022-11;case_number;66
Nicaragua;2022-12;case_number;133
Nicaragua;2023-01;case_number;204
Panama;2020-02;case_number;0
Panama;2020-03;case_number;786
Panama;2020-04;case_number;4552
Panama;2020-05;case_number;7193
Panama;2020-06;case_number;17374
Panama;2020-07;case_number;28088
Panama;2020-08;case_number;32631
Panama;2020-09;case_number;18807
Panama;2020-10;case_number;18435
Panama;2020-11;case_number;33878
Panama;2020-12;case_number;64916
Panama;2021-01;case_number;91593
Panama;2021-02;case_number;21528
Panama;2021-03;case_number;13236
Panama;2021-04;case_number;9341
Panama;2021-05;case_number;14496
Panama;2021-06;case_number;21966
Panama;2021-07;case_number;29167
Panama;2021-08;case_number;27540
Panama;2021-09;case_number;10209
Panama;2021-10;case_number;6662
Panama;2021-11;case_number;4698
Panama;2021-12;case_number;9281
Panama;2022-01;case_number;199253
Panama;2022-02;case_number;68732
Panama;2022-03;case_number;8663
Panama;2022-04;case_number;7980
Panama;2022-05;case_number;76370
Panama;2022-06;case_number;64973
Panama;2022-07;case_number;42021
Panama;2022-08;case_number;23812
Panama;2022-09;case_number;8685
Panama;2022-10;case_number;3547
Panama;2022-11;case_number;11748
Panama;2022-12;case_number;21617
Panama;2023-01;case_number;5923
Belize;2020-02;total_deaths;0
Belize;2020-03;total_deaths;0
Belize;2020-04;total_deaths;2
Belize;2020-05;total_deaths;0
Belize;2020-06;total_deaths;0
Belize;2020-07;total_deaths;0
Belize;2020-08;total_deaths;10
Belize;2020-09;total_deaths;11
Belize;2020-10;total_deaths;24
Belize;2020-11;total_deaths;94
Belize;2020-12;total_deaths;87
Belize;2021-01;total_deaths;73
Belize;2021-02;total_deaths;13
Belize;2021-03;total_deaths;3
Belize;2021-04;total_deaths;4
Belize;2021-05;total_deaths;3
Belize;2021-06;total_deaths;5
Belize;2021-07;total_deaths;3
Belize;2021-08;total_deaths;24
Belize;2021-09;total_deaths;46
Belize;2021-10;total_deaths;89
Belize;2021-11;total_deaths;79
Belize;2021-12;total_deaths;22
Belize;2022-01;total_deaths;33
Belize;2022-02;total_deaths;25
Belize;2022-03;total_deaths;4
Belize;2022-04;total_deaths;22
Belize;2022-05;total_deaths;1
Belize;2022-06;total_deaths;2
Belize;2022-07;total_deaths;1
Belize;2022-08;total_deaths;0
Belize;2022-09;total_deaths;3
Belize;2022-10;total_deaths;4
Belize;2022-11;total_deaths;1
Belize;2022-12;total_deaths;0
Belize;2023-01;total_deaths;0
Costa Rica;2020-02;total_deaths;0
Costa Rica;2020-03;total_deaths;2
Costa Rica;2020-04;total_deaths;4
Costa Rica;2020-05;total_deaths;4
Costa Rica;2020-06;total_deaths;2
Costa Rica;2020-07;total_deaths;75
Costa Rica;2020-08;total_deaths;320
Costa Rica;2020-09;total_deaths;405
Costa Rica;2020-10;total_deaths;453
Costa Rica;2020-11;total_deaths;425
Costa Rica;2020-12;total_deaths;413
Costa Rica;2021-01;total_deaths;501
Costa Rica;2021-02;total_deaths;196
Costa Rica;2021-03;total_deaths;131
Costa Rica;2021-04;total_deaths;205
Costa Rica;2021-05;total_deaths;826
Costa Rica;2021-06;total_deaths;640
Costa Rica;2021-07;total_deaths;339
Costa Rica;2021-08;total_deaths;490
Costa Rica;2021-09;total_deaths;758
Costa Rica;2021-10;total_deaths;840
Costa Rica;2021-11;total_deaths;258
Costa Rica;2021-12;total_deaths;62
Costa Rica;2022-01;total_deaths;184
Costa Rica;2022-02;total_deaths;466
Costa Rica;2022-03;total_deaths;267
Costa Rica;2022-04;total_deaths;117
Costa Rica;2022-05;total_deaths;112
Costa Rica;2022-06;total_deaths;64
Costa Rica;2022-07;total_deaths;181
Costa Rica;2022-08;total_deaths;116
Costa Rica;2022-09;total_deaths;97
Costa Rica;2022-10;total_deaths;46
Costa Rica;2022-11;total_deaths;39
Costa Rica;2022-12;total_deaths;34
Costa Rica;2023-01;total_deaths;86
Dominican Republic;2020-02;total_deaths;0
Dominican Republic;2020-03;total_deaths;20
Dominican Republic;2020-04;total_deaths;253
Dominican Republic;2020-05;total_deaths;225
Dominican Republic;2020-06;total_deaths;220
Dominican Republic;2020-07;total_deaths;337
Dominican Republic;2020-08;total_deaths;618
Dominican Republic;2020-09;total_deaths;420
Dominican Republic;2020-10;total_deaths;127
Dominican Republic;2020-11;total_deaths;108
Dominican Republic;2020-12;total_deaths;76
Dominican Republic;2021-01;total_deaths;242
Dominican Republic;2021-02;total_deaths;447
Dominican Republic;2021-03;total_deaths;209
Dominican Republic;2021-04;total_deaths;149
Dominican Republic;2021-05;total_deaths;177
Dominican Republic;2021-06;total_deaths;168
Dominican Republic;2021-07;total_deaths;141
Dominican Republic;2021-08;total_deaths;70
Dominican Republic;2021-09;total_deaths;31
Dominican Republic;2021-10;total_deaths;91
Dominican Republic;2021-11;total_deaths;75
Dominican Republic;2021-12;total_deaths;33
Dominican Republic;2022-01;total_deaths;64
Dominican Republic;2022-02;total_deaths;67
Dominican Republic;2022-03;total_deaths;7
Dominican Republic;2022-04;total_deaths;1
Dominican Republic;2022-05;total_deaths;1
Dominican Republic;2022-06;total_deaths;6
Dominican Republic;2022-07;total_deaths;0
Dominican Republic;2022-08;total_deaths;1
Dominican Republic;2022-09;total_deaths;0
Dominican Republic;2022-10;total_deaths;0
Dominican Republic;2022-11;total_deaths;0
Dominican Republic;2022-12;total_deaths;0
Dominican Republic;2023-01;total_deaths;0
El Salvador;2020-02;total_deaths;0
El Salvador;2020-03;total_deaths;0
El Salvador;2020-04;total_deaths;8
El Salvador;2020-05;total_deaths;36
El Salvador;2020-06;total_deaths;99
El Salvador;2020-07;total_deaths;247
El Salvador;2020-08;total_deaths;318
El Salvador;2020-09;total_deaths;118
El Salvador;2020-10;total_deaths;118
El Salvador;2020-11;total_deaths;163
El Salvador;2020-12;total_deaths;190
El Salvador;2021-01;total_deaths;317
El Salvador;2021-02;total_deaths;233
El Salvador;2021-03;total_deaths;151
El Salvador;2021-04;total_deaths;100
El Salvador;2021-05;total_deaths;143
El Salvador;2021-06;total_deaths;120
El Salvador;2021-07;total_deaths;186
El Salvador;2021-08;total_deaths;343
El Salvador;2021-09;total_deaths;284
El Salvador;2021-10;total_deaths;448
El Salvador;2021-11;total_deaths;147
El Salvador;2021-12;total_deaths;49
El Salvador;2022-01;total_deaths;66
El Salvador;2022-02;total_deaths;184
El Salvador;2022-03;total_deaths;48
El Salvador;2022-04;total_deaths;11
El Salvador;2022-05;total_deaths;4
El Salvador;2022-06;total_deaths;8
El Salvador;2022-07;total_deaths;55
El Salvador;2022-08;total_deaths;26
El Salvador;2022-09;total_deaths;9
El Salvador;2022-10;total_deaths;1
El Salvador;2022-11;total_deaths;0
El Salvador;2022-12;total_deaths;0
El Salvador;2023-01;total_deaths;0
Guatemala;2020-02;total_deaths;0
Guatemala;2020-03;total_deaths;1
Guatemala;2020-04;total_deaths;12
Guatemala;2020-05;total_deaths;77
Guatemala;2020-06;total_deaths;582
Guatemala;2020-07;total_deaths;1027
Guatemala;2020-08;total_deaths;1029
Guatemala;2020-09;total_deaths;485
Guatemala;2020-10;total_deaths;396
Guatemala;2020-11;total_deaths;552
Guatemala;2020-12;total_deaths;602
Guatemala;2021-01;total_deaths;855
Guatemala;2021-02;total_deaths;756
Guatemala;2021-03;total_deaths;420
Guatemala;2021-04;total_deaths;601
Guatemala;2021-05;total_deaths;726
Guatemala;2021-06;total_deaths;887
Guatemala;2021-07;total_deaths;1085
Guatemala;2021-08;total_deaths;1725
Guatemala;2021-09;total_deaths;1513
Guatemala;2021-10;total_deaths;1689
Guatemala;2021-11;total_deaths;897
Guatemala;2021-12;total_deaths;178
Guatemala;2022-01;total_deaths;248
Guatemala;2022-02;total_deaths;596
Guatemala;2022-03;total_deaths;335
Guatemala;2022-04;total_deaths;222
Guatemala;2022-05;total_deaths;588
Guatemala;2022-06;total_deaths;385
Guatemala;2022-07;total_deaths;536
Guatemala;2022-08;total_deaths;446
Guatemala;2022-09;total_deaths;297
Guatemala;2022-10;total_deaths;134
Guatemala;2022-11;total_deaths;62
Guatemala;2022-12;total_deaths;46
Guatemala;2023-01;total_deaths;102
Honduras;2020-02;total_deaths;0
Honduras;2020-03;total_deaths;1
Honduras;2020-04;total_deaths;54
Honduras;2020-05;total_deaths;144
Honduras;2020-06;total_deaths;272
Honduras;2020-07;total_deaths;590
Honduras;2020-08;total_deaths;766
Honduras;2020-09;total_deaths;444
Honduras;2020-10;total_deaths;341
Honduras;2020-11;total_deaths;287
Honduras;2020-12;total_deaths;162
Honduras;2021-01;total_deaths;514
Honduras;2021-02;total_deaths;542
Honduras;2021-03;total_deaths;419
Honduras;2021-04;total_deaths;559
Honduras;2021-05;total_deaths;1189
Honduras;2021-06;total_deaths;618
Honduras;2021-07;total_deaths;692
Honduras;2021-08;total_deaths;1238
Honduras;2021-09;total_deaths;847
Honduras;2021-10;total_deaths;561
Honduras;2021-11;total_deaths;163
Honduras;2021-12;total_deaths;26
Honduras;2022-01;total_deaths;75
Honduras;2022-02;total_deaths;271
Honduras;2022-03;total_deaths;96
Honduras;2022-04;total_deaths;22
Honduras;2022-05;total_deaths;6
Honduras;2022-06;total_deaths;6
Honduras;2022-07;total_deaths;27
Honduras;2022-08;total_deaths;41
Honduras;2022-09;total_deaths;19
Honduras;2022-10;total_deaths;47
Honduras;2022-11;total_deaths;4
Honduras;2022-12;total_deaths;20
Honduras;2023-01;total_deaths;41
Nicaragua;2020-02;total_deaths;0
Nicaragua;2020-03;total_deaths;1
Nicaragua;2020-04;total_deaths;2
Nicaragua;2020-05;total_deaths;32
Nicaragua;2020-06;total_deaths;39
Nicaragua;2020-07;total_deaths;34
Nicaragua;2020-08;total_deaths;29
Nicaragua;2020-09;total_deaths;12
Nicaragua;2020-10;total_deaths;6
Nicaragua;2020-11;total_deaths;5
Nicaragua;2020-12;total_deaths;4
Nicaragua;2021-01;total_deaths;5
Nicaragua;2021-02;total_deaths;4
Nicaragua;2021-03;total_deaths;4
Nicaragua;2021-04;total_deaths;4
Nicaragua;2021-05;total_deaths;5
Nicaragua;2021-06;total_deaths;4
Nicaragua;2021-07;total_deaths;4
Nicaragua;2021-08;total_deaths;5
Nicaragua;2021-09;total_deaths;4
Nicaragua;2021-10;total_deaths;5
Nicaragua;2021-11;total_deaths;4
Nicaragua;2021-12;total_deaths;4
Nicaragua;2022-01;total_deaths;4
Nicaragua;2022-02;total_deaths;4
Nicaragua;2022-03;total_deaths;5
Nicaragua;2022-04;total_deaths;4
Nicaragua;2022-05;total_deaths;5
Nicaragua;2022-06;total_deaths;3
Nicaragua;2022-07;total_deaths;3
Nicaragua;2022-08;total_deaths;0
Nicaragua;2022-09;total_deaths;1
Nicaragua;2022-10;total_deaths;0
Nicaragua;2022-11;total_deaths;0
Nicaragua;2022-12;total_deaths;0
Nicaragua;2023-01;total_deaths;0
Panama;2020-02;total_deaths;0
Panama;2020-03;total_deaths;14
Panama;2020-04;total_deaths;140
Panama;2020-05;total_deaths;172
Panama;2020-06;total_deaths;249
Panama;2020-07;total_deaths;675
Panama;2020-08;total_deaths;716
Panama;2020-09;total_deaths;345
Panama;2020-10;total_deaths;311
Panama;2020-11;total_deaths;408
Panama;2020-12;total_deaths;726
Panama;2021-01;total_deaths;1465
Panama;2021-02;total_deaths;599
Panama;2021-03;total_deaths;267
Panama;2021-04;total_deaths;113
Panama;2021-05;total_deaths;165
Panama;2021-06;total_deaths;140
Panama;2021-07;total_deaths;238
Panama;2021-08;total_deaths;296
Panama;2021-09;total_deaths;158
Panama;2021-10;total_deaths;118
Panama;2021-11;total_deaths;45
Panama;2021-12;total_deaths;49
Panama;2022-01;total_deaths;271
Panama;2022-02;total_deaths;383
Panama;2022-03;total_deaths;99
Panama;2022-04;total_deaths;20
Panama;2022-05;total_deaths;62
Panama;2022-06;total_deaths;96
Panama;2022-07;total_deaths;85
Panama;2022-08;total_deaths;45
Panama;2022-09;total_deaths;27
Panama;2022-10;total_deaths;12
Panama;2022-11;total_deaths;17
Panama;2022-12;total_deaths;41
Panama;2023-01;total_deaths;29
Belize;2020-02;genome_count;0
Belize;2020-03;genome_count;3
Belize;2020-04;genome_count;1
Belize;2020-05;genome_count;0
Belize;2020-06;genome_count;0
Belize;2020-07;genome_count;0
Belize;2020-08;genome_count;5
Belize;2020-09;genome_count;2
Belize;2020-10;genome_count;10
Belize;2020-11;genome_count;1
Belize;2020-12;genome_count;19
Belize;2021-01;genome_count;45
Belize;2021-02;genome_count;22
Belize;2021-03;genome_count;3
Belize;2021-04;genome_count;4
Belize;2021-05;genome_count;18
Belize;2021-06;genome_count;48
Belize;2021-07;genome_count;76
Belize;2021-08;genome_count;64
Belize;2021-09;genome_count;1
Belize;2021-10;genome_count;42
Belize;2021-11;genome_count;36
Belize;2021-12;genome_count;188
Belize;2022-01;genome_count;105
Belize;2022-02;genome_count;64
Belize;2022-03;genome_count;41
Belize;2022-04;genome_count;3
Belize;2022-05;genome_count;78
Belize;2022-06;genome_count;42
Belize;2022-07;genome_count;81
Belize;2022-08;genome_count;28
Belize;2022-09;genome_count;1
Belize;2022-10;genome_count;2
Belize;2022-11;genome_count;33
Belize;2022-12;genome_count;5
Belize;2023-01;genome_count;0
Costa Rica;2020-02;genome_count;0
Costa Rica;2020-03;genome_count;50
Costa Rica;2020-04;genome_count;4
Costa Rica;2020-05;genome_count;2
Costa Rica;2020-06;genome_count;26
Costa Rica;2020-07;genome_count;48
Costa Rica;2020-08;genome_count;17
Costa Rica;2020-09;genome_count;17
Costa Rica;2020-10;genome_count;14
Costa Rica;2020-11;genome_count;21
Costa Rica;2020-12;genome_count;47
Costa Rica;2021-01;genome_count;76
Costa Rica;2021-02;genome_count;70
Costa Rica;2021-03;genome_count;169
Costa Rica;2021-04;genome_count;134
Costa Rica;2021-05;genome_count;88
Costa Rica;2021-06;genome_count;111
Costa Rica;2021-07;genome_count;187
Costa Rica;2021-08;genome_count;284
Costa Rica;2021-09;genome_count;164
Costa Rica;2021-10;genome_count;322
Costa Rica;2021-11;genome_count;306
Costa Rica;2021-12;genome_count;385
Costa Rica;2022-01;genome_count;434
Costa Rica;2022-02;genome_count;415
Costa Rica;2022-03;genome_count;396
Costa Rica;2022-04;genome_count;398
Costa Rica;2022-05;genome_count;651
Costa Rica;2022-06;genome_count;683
Costa Rica;2022-07;genome_count;718
Costa Rica;2022-08;genome_count;683
Costa Rica;2022-09;genome_count;454
Costa Rica;2022-10;genome_count;509
Costa Rica;2022-11;genome_count;746
Costa Rica;2022-12;genome_count;544
Costa Rica;2023-01;genome_count;691
Dominican Republic;2020-02;genome_count;1
Dominican Republic;2020-03;genome_count;2
Dominican Republic;2020-04;genome_count;0
Dominican Republic;2020-05;genome_count;5
Dominican Republic;2020-06;genome_count;0
Dominican Republic;2020-07;genome_count;0
Dominican Republic;2020-08;genome_count;3
Dominican Republic;2020-09;genome_count;5
Dominican Republic;2020-10;genome_count;13
Dominican Republic;2020-11;genome_count;21
Dominican Republic;2020-12;genome_count;4
Dominican Republic;2021-01;genome_count;72
Dominican Republic;2021-02;genome_count;27
Dominican Republic;2021-03;genome_count;92
Dominican Republic;2021-04;genome_count;22
Dominican Republic;2021-05;genome_count;198
Dominican Republic;2021-06;genome_count;34
Dominican Republic;2021-07;genome_count;34
Dominican Republic;2021-08;genome_count;16
Dominican Republic;2021-09;genome_count;5
Dominican Republic;2021-10;genome_count;294
Dominican Republic;2021-11;genome_count;96
Dominican Republic;2021-12;genome_count;202
Dominican Republic;2022-01;genome_count;21
Dominican Republic;2022-02;genome_count;13
Dominican Republic;2022-03;genome_count;1
Dominican Republic;2022-04;genome_count;10
Dominican Republic;2022-05;genome_count;199
Dominican Republic;2022-06;genome_count;80
Dominican Republic;2022-07;genome_count;216
Dominican Republic;2022-08;genome_count;206
Dominican Republic;2022-09;genome_count;135
Dominican Republic;2022-10;genome_count;80
Dominican Republic;2022-11;genome_count;236
Dominican Republic;2022-12;genome_count;184
Dominican Republic;2023-01;genome_count;58
El Salvador;2020-02;genome_count;0
El Salvador;2020-03;genome_count;0
El Salvador;2020-04;genome_count;0
El Salvador;2020-05;genome_count;0
El Salvador;2020-06;genome_count;0
El Salvador;2020-07;genome_count;0
El Salvador;2020-08;genome_count;0
El Salvador;2020-09;genome_count;1
El Salvador;2020-10;genome_count;0
El Salvador;2020-11;genome_count;0
El Salvador;2020-12;genome_count;0
El Salvador;2021-01;genome_count;0
El Salvador;2021-02;genome_count;0
El Salvador;2021-03;genome_count;0
El Salvador;2021-04;genome_count;95
El Salvador;2021-05;genome_count;9
El Salvador;2021-06;genome_count;5
El Salvador;2021-07;genome_count;108
El Salvador;2021-08;genome_count;17
El Salvador;2021-09;genome_count;0
El Salvador;2021-10;genome_count;0
El Salvador;2021-11;genome_count;59
El Salvador;2021-12;genome_count;24
El Salvador;2022-01;genome_count;144
El Salvador;2022-02;genome_count;1
El Salvador;2022-03;genome_count;1
El Salvador;2022-04;genome_count;7
El Salvador;2022-05;genome_count;36
El Salvador;2022-06;genome_count;6
El Salvador;2022-07;genome_count;99
El Salvador;2022-08;genome_count;1
El Salvador;2022-09;genome_count;0
El Salvador;2022-10;genome_count;0
El Salvador;2022-11;genome_count;10
El Salvador;2022-12;genome_count;1
El Salvador;2023-01;genome_count;0
Guatemala;2020-02;genome_count;0
Guatemala;2020-03;genome_count;10
Guatemala;2020-04;genome_count;0
Guatemala;2020-05;genome_count;8
Guatemala;2020-06;genome_count;30
Guatemala;2020-07;genome_count;17
Guatemala;2020-08;genome_count;4
Guatemala;2020-09;genome_count;12
Guatemala;2020-10;genome_count;87
Guatemala;2020-11;genome_count;30
Guatemala;2020-12;genome_count;26
Guatemala;2021-01;genome_count;117
Guatemala;2021-02;genome_count;27
Guatemala;2021-03;genome_count;46
Guatemala;2021-04;genome_count;39
Guatemala;2021-05;genome_count;31
Guatemala;2021-06;genome_count;167
Guatemala;2021-07;genome_count;200
Guatemala;2021-08;genome_count;162
Guatemala;2021-09;genome_count;307
Guatemala;2021-10;genome_count;101
Guatemala;2021-11;genome_count;47
Guatemala;2021-12;genome_count;164
Guatemala;2022-01;genome_count;160
Guatemala;2022-02;genome_count;73
Guatemala;2022-03;genome_count;94
Guatemala;2022-04;genome_count;93
Guatemala;2022-05;genome_count;102
Guatemala;2022-06;genome_count;116
Guatemala;2022-07;genome_count;312
Guatemala;2022-08;genome_count;285
Guatemala;2022-09;genome_count;58
Guatemala;2022-10;genome_count;71
Guatemala;2022-11;genome_count;459
Guatemala;2022-12;genome_count;787
Guatemala;2023-01;genome_count;262
Honduras;2020-02;genome_count;0
Honduras;2020-03;genome_count;0
Honduras;2020-04;genome_count;0
Honduras;2020-05;genome_count;0
Honduras;2020-06;genome_count;0
Honduras;2020-07;genome_count;0
Honduras;2020-08;genome_count;0
Honduras;2020-09;genome_count;0
Honduras;2020-10;genome_count;0
Honduras;2020-11;genome_count;0
Honduras;2020-12;genome_count;0
Honduras;2021-01;genome_count;11
Honduras;2021-02;genome_count;18
Honduras;2021-03;genome_count;1
Honduras;2021-04;genome_count;35
Honduras;2021-05;genome_count;13
Honduras;2021-06;genome_count;34
Honduras;2021-07;genome_count;5
Honduras;2021-08;genome_count;4
Honduras;2021-09;genome_count;26
Honduras;2021-10;genome_count;23
Honduras;2021-11;genome_count;13
Honduras;2021-12;genome_count;29
Honduras;2022-01;genome_count;19
Honduras;2022-02;genome_count;0
Honduras;2022-03;genome_count;0
Honduras;2022-04;genome_count;1
Honduras;2022-05;genome_count;0
Honduras;2022-06;genome_count;1
Honduras;2022-07;genome_count;0
Honduras;2022-08;genome_count;0
Honduras;2022-09;genome_count;0
Honduras;2022-10;genome_count;0
Honduras;2022-11;genome_count;0
Honduras;2022-12;genome_count;0
Honduras;2023-01;genome_count;0
Nicaragua;2020-02;genome_count;0
Nicaragua;2020-03;genome_count;13
Nicaragua;2020-04;genome_count;13
Nicaragua;2020-05;genome_count;17
Nicaragua;2020-06;genome_count;20
Nicaragua;2020-07;genome_count;8
Nicaragua;2020-08;genome_count;4
Nicaragua;2020-09;genome_count;7
Nicaragua;2020-10;genome_count;4
Nicaragua;2020-11;genome_count;8
Nicaragua;2020-12;genome_count;20
Nicaragua;2021-01;genome_count;31
Nicaragua;2021-02;genome_count;26
Nicaragua;2021-03;genome_count;27
Nicaragua;2021-04;genome_count;38
Nicaragua;2021-05;genome_count;66
Nicaragua;2021-06;genome_count;64
Nicaragua;2021-07;genome_count;113
Nicaragua;2021-08;genome_count;180
Nicaragua;2021-09;genome_count;31
Nicaragua;2021-10;genome_count;21
Nicaragua;2021-11;genome_count;1
Nicaragua;2021-12;genome_count;27
Nicaragua;2022-01;genome_count;39
Nicaragua;2022-02;genome_count;16
Nicaragua;2022-03;genome_count;22
Nicaragua;2022-04;genome_count;5
Nicaragua;2022-05;genome_count;21
Nicaragua;2022-06;genome_count;59
Nicaragua;2022-07;genome_count;1
Nicaragua;2022-08;genome_count;21
Nicaragua;2022-09;genome_count;8
Nicaragua;2022-10;genome_count;27
Nicaragua;2022-11;genome_count;22
Nicaragua;2022-12;genome_count;84
Nicaragua;2023-01;genome_count;0
Panama;2020-02;genome_count;8
Panama;2020-03;genome_count;196
Panama;2020-04;genome_count;196
Panama;2020-05;genome_count;104
Panama;2020-06;genome_count;116
Panama;2020-07;genome_count;117
Panama;2020-08;genome_count;117
Panama;2020-09;genome_count;37
Panama;2020-10;genome_count;38
Panama;2020-11;genome_count;14
Panama;2020-12;genome_count;76
Panama;2021-01;genome_count;118
Panama;2021-02;genome_count;113
Panama;2021-03;genome_count;192
Panama;2021-04;genome_count;195
Panama;2021-05;genome_count;276
Panama;2021-06;genome_count;204
Panama;2021-07;genome_count;287
Panama;2021-08;genome_count;311
Panama;2021-09;genome_count;263
Panama;2021-10;genome_count;205
Panama;2021-11;genome_count;170
Panama;2021-12;genome_count;445
Panama;2022-01;genome_count;410
Panama;2022-02;genome_count;253
Panama;2022-03;genome_count;167
Panama;2022-04;genome_count;228
Panama;2022-05;genome_count;374
Panama;2022-06;genome_count;414
Panama;2022-07;genome_count;197
Panama;2022-08;genome_count;255
Panama;2022-09;genome_count;89
Panama;2022-10;genome_count;31
Panama;2022-11;genome_count;221
Panama;2022-12;genome_count;131
Panama;2023-01;genome_count;16
Belize;2020-03;B.1;1
Belize;2020-04;B.1.1;2
Belize;2020-11;B.1.147;1
Belize;2020-12;B.1.1.222;1
Belize;2020-12;B.1.1.519;2
Belize;2020-12;B.1.1.71;1
Belize;2020-12;B.1.147;15
Belize;2021-01;B.1;2
Belize;2021-01;B.1.1.274;1
Belize;2021-01;B.1.1.519;1
Belize;2021-01;B.1.1.7;3
Belize;2021-01;B.1.147;33
Belize;2021-01;B.1.2;3
Belize;2021-01;B.1.617.2;2
Belize;2021-02;A.2.5;3
Belize;2021-02;B.1.147;15
Belize;2021-02;B.1.2;1
Belize;2021-02;B.1.427;2
Belize;2021-02;B.1.617.2;1
Belize;2021-03;B.1.1.519;1
Belize;2021-03;B.1.429;1
Belize;2021-03;B.1.617.2;1
Belize;2021-04;B.1.1.7;1
Belize;2021-04;B.1.2;1
Belize;2021-04;B.1.617.2;2
Belize;2021-05;A.2.5;4
Belize;2021-05;B.1.1.7;4
Belize;2021-05;B.1.526;1
Belize;2021-05;B.1.617.2;7
Belize;2021-05;B.1.631;1
Belize;2021-05;P.1.17;1
Belize;2021-06;A.2.5;13
Belize;2021-06;AY.25.1;2
Belize;2021-06;AY.75;1
Belize;2021-06;B.1.1.7;19
Belize;2021-06;B.1.617.2;7
Belize;2021-06;P.1.17;6
Belize;2021-07;A.2.5;10
Belize;2021-07;AY.100;2
Belize;2021-07;AY.103;4
Belize;2021-07;AY.14;1
Belize;2021-07;AY.25;1
Belize;2021-07;B;1
Belize;2021-07;B.1.1.7;1
Belize;2021-07;B.1.617.2;28
Belize;2021-07;B.1.631;4
Belize;2021-07;P.1.17;11
Belize;2021-07;XB;13
Belize;2021-08;A.2.5;20
Belize;2021-08;AY.100;1
Belize;2021-08;AY.113;1
Belize;2021-08;AY.14;1
Belize;2021-08;AY.25;1
Belize;2021-08;AY.3;1
Belize;2021-08;AY.4;8
Belize;2021-08;B.1.1.7;1
Belize;2021-08;B.1.617.2;26
Belize;2021-08;P.1.17;4
Belize;2021-09;AY.4;1
Belize;2021-10;A.2.5;1
Belize;2021-10;AY.100;18
Belize;2021-10;AY.26;1
Belize;2021-10;AY.39;1
Belize;2021-10;AY.4;20
Belize;2021-10;B.1.617.2;1
Belize;2021-11;AY.100;11
Belize;2021-11;AY.103;4
Belize;2021-11;AY.113;1
Belize;2021-11;AY.26;4
Belize;2021-11;AY.4;16
Belize;2021-12;AY.100;16
Belize;2021-12;AY.103;3
Belize;2021-12;AY.4;28
Belize;2021-12;BA.1;7
Belize;2021-12;BA.1.1;104
Belize;2021-12;BA.1.1.18;1
Belize;2021-12;BA.1.15;8
Belize;2021-12;BA.1.17;2
Belize;2021-12;BA.1.20;19
Belize;2022-01;AY.100;2
Belize;2022-01;AY.103;1
Belize;2022-01;AY.4;2
Belize;2022-01;BA.1;11
Belize;2022-01;BA.1.1;69
Belize;2022-01;BA.1.1.18;1
Belize;2022-01;BA.1.15;4
Belize;2022-01;BA.1.15.2;1
Belize;2022-01;BA.1.20;14
Belize;2022-02;BA.1;4
Belize;2022-02;BA.1.1;33
Belize;2022-02;BA.1.1.15;1
Belize;2022-02;BA.1.1.18;1
Belize;2022-02;BA.1.15;3
Belize;2022-02;BA.1.20;10
Belize;2022-02;BA.2;2
Belize;2022-02;BA.2.12.1;7
Belize;2022-02;BA.2.3.4;1
Belize;2022-02;BA.2.7;2
Belize;2022-03;BA.1;1
Belize;2022-03;BA.1.1;13
Belize;2022-03;BA.1.15;2
Belize;2022-03;BA.1.20;3
Belize;2022-03;BA.2;9
Belize;2022-03;BA.2.12.1;3
Belize;2022-03;BA.2.7;4
Belize;2022-03;BA.2.9;6
Belize;2022-04;BA.1.1;2
Belize;2022-04;BA.2;1
Belize;2022-05;BA.1.1;1
Belize;2022-05;BA.2;18
Belize;2022-05;BA.2.12.1;37
Belize;2022-05;BA.2.3;1
Belize;2022-05;BA.2.36;2
Belize;2022-05;BA.2.7;18
Belize;2022-05;BA.2.9;1
Belize;2022-06;BA.2;3
Belize;2022-06;BA.2.12.1;18
Belize;2022-06;BA.2.36;4
Belize;2022-06;BA.2.7;12
Belize;2022-06;BA.2.9;2
Belize;2022-06;BA.5.1.1;1
Belize;2022-06;BA.5.3;1
Belize;2022-06;BG.5;1
Belize;2022-07;BA.2;4
Belize;2022-07;BA.2.1;1
Belize;2022-07;BA.2.12.1;28
Belize;2022-07;BA.2.18;2
Belize;2022-07;BA.2.23;1
Belize;2022-07;BA.2.3.6;1
Belize;2022-07;BA.2.36;4
Belize;2022-07;BA.2.7;1
Belize;2022-07;BA.4.2;1
Belize;2022-07;BA.4.4;1
Belize;2022-07;BA.4.6;1
Belize;2022-07;BA.5.1;12
Belize;2022-07;BA.5.1.1;4
Belize;2022-07;BA.5.1.12;1
Belize;2022-07;BA.5.1.2;1
Belize;2022-07;BA.5.1.23;1
Belize;2022-07;BA.5.1.3;1
Belize;2022-07;BA.5.2.1;4
Belize;2022-07;BA.5.2.9;1
Belize;2022-07;BA.5.3;4
Belize;2022-07;BA.5.5;2
Belize;2022-07;BE.3;1
Belize;2022-07;BF.21;3
Belize;2022-07;BF.8;1
Belize;2022-08;BA.2.12.1;2
Belize;2022-08;BA.4.4;1
Belize;2022-08;BA.4.6;3
Belize;2022-08;BA.5.1;12
Belize;2022-08;BA.5.1.12;1
Belize;2022-08;BA.5.1.25;1
Belize;2022-08;BA.5.1.3;1
Belize;2022-08;BA.5.2.28;1
Belize;2022-08;BA.5.6;1
Belize;2022-08;BE.3;1
Belize;2022-08;BF.21;1
Belize;2022-08;BF.26;1
Belize;2022-08;BF.8;2
Belize;2022-09;BA.5.1;1
Belize;2022-10;BA.5.2.13;1
Belize;2022-10;BF.21;1
Belize;2022-11;BA.2;2
Belize;2022-11;BA.2.10.1;4
Belize;2022-11;BA.5.1;1
Belize;2022-11;BA.5.2.27;1
Belize;2022-11;BF.21;3
Belize;2022-11;BF.7.4;1
Belize;2022-11;BN.1.3;1
Belize;2022-11;BN.1.3.1;1
Belize;2022-11;BQ.1.1;1
Belize;2022-11;BQ.1.1.11;1
Belize;2022-11;BQ.1.1.18;3
Belize;2022-11;BQ.1.1.32;1
Belize;2022-11;BQ.1.1.4;4
Belize;2022-11;BW.1.1;1
Belize;2022-11;CP.1;1
Belize;2022-11;XBB.1;7
Belize;2022-12;BA.2.10.1;1
Belize;2022-12;BQ.1.1;1
Belize;2022-12;BQ.1.1.32;1
Belize;2022-12;XBB.1;2
Costa Rica;2020-03;A.1;2
Costa Rica;2020-03;B.1;41
Costa Rica;2020-03;B.1.1.1;3
Costa Rica;2020-03;B.1.324;1
Costa Rica;2020-03;B.1.369;1
Costa Rica;2020-03;B.1.415;1
Costa Rica;2020-03;B.1.555;1
Costa Rica;2020-04;B.1;4
Costa Rica;2020-05;A.1;1
Costa Rica;2020-05;B.1;1
Costa Rica;2020-06;B.1;2
Costa Rica;2020-06;B.1.1;5
Costa Rica;2020-06;B.1.1.328;3
Costa Rica;2020-06;B.1.1.389;4
Costa Rica;2020-06;B.1.1.516;7
Costa Rica;2020-06;B.1.291;5
Costa Rica;2020-07;B.1;8
Costa Rica;2020-07;B.1.1;4
Costa Rica;2020-07;B.1.1.328;1
Costa Rica;2020-07;B.1.1.389;10
Costa Rica;2020-07;B.1.1.516;1
Costa Rica;2020-07;B.1.203;3
Costa Rica;2020-07;B.1.291;21
Costa Rica;2020-08;B.1.1.389;6
Costa Rica;2020-08;B.1.291;11
Costa Rica;2020-09;B.1.1.389;13
Costa Rica;2020-09;B.1.203;1
Costa Rica;2020-09;B.1.291;3
Costa Rica;2020-10;B.1.1.389;10
Costa Rica;2020-10;B.1.1.516;2
Costa Rica;2020-10;B.1.291;2
Costa Rica;2020-11;B.1.1.389;16
Costa Rica;2020-11;B.1.203;2
Costa Rica;2020-11;B.1.291;3
Costa Rica;2020-12;A.2.5;1
Costa Rica;2020-12;B.1.1.328;2
Costa Rica;2020-12;B.1.1.389;35
Costa Rica;2020-12;B.1.2;1
Costa Rica;2020-12;B.1.203;1
Costa Rica;2020-12;B.1.234;1
Costa Rica;2020-12;B.1.291;2
Costa Rica;2020-12;B.1.427;2
Costa Rica;2020-12;B.1.601;2
Costa Rica;2021-01;A.2.4;1
Costa Rica;2021-01;A.2.5;2
Costa Rica;2021-01;A.2.5.1;12
Costa Rica;2021-01;B.1;1
Costa Rica;2021-01;B.1.1;1
Costa Rica;2021-01;B.1.1.207;1
Costa Rica;2021-01;B.1.1.222;2
Costa Rica;2021-01;B.1.1.265;1
Costa Rica;2021-01;B.1.1.328;12
Costa Rica;2021-01;B.1.1.389;29
Costa Rica;2021-01;B.1.1.516;1
Costa Rica;2021-01;B.1.1.519;2
Costa Rica;2021-01;B.1.2;3
Costa Rica;2021-01;B.1.203;2
Costa Rica;2021-01;B.1.232;1
Costa Rica;2021-01;B.1.234;2
Costa Rica;2021-01;B.1.243;1
Costa Rica;2021-01;B.1.291;1
Costa Rica;2021-01;P.2;1
Costa Rica;2021-02;A.2.4;1
Costa Rica;2021-02;A.2.5;7
Costa Rica;2021-02;A.2.5.1;17
Costa Rica;2021-02;A.2.5.2;2
Costa Rica;2021-02;B.1;2
Costa Rica;2021-02;B.1.1;2
Costa Rica;2021-02;B.1.1.328;9
Costa Rica;2021-02;B.1.1.389;11
Costa Rica;2021-02;B.1.1.516;3
Costa Rica;2021-02;B.1.1.519;1
Costa Rica;2021-02;B.1.1.7;1
Costa Rica;2021-02;B.1.2;2
Costa Rica;2021-02;B.1.234;2
Costa Rica;2021-02;B.1.243;3
Costa Rica;2021-02;B.1.351;4
Costa Rica;2021-02;B.1.526;1
Costa Rica;2021-02;B.1.575;2
Costa Rica;2021-03;A.2.4;3
Costa Rica;2021-03;A.2.5;32
Costa Rica;2021-03;A.2.5.1;36
Costa Rica;2021-03;A.2.5.2;13
Costa Rica;2021-03;B;1
Costa Rica;2021-03;B.1.1;4
Costa Rica;2021-03;B.1.1.328;8
Costa Rica;2021-03;B.1.1.389;3
Costa Rica;2021-03;B.1.1.519;1
Costa Rica;2021-03;B.1.1.7;28
Costa Rica;2021-03;B.1.2;8
Costa Rica;2021-03;B.1.203;3
Costa Rica;2021-03;B.1.221;1
Costa Rica;2021-03;B.1.243;1
Costa Rica;2021-03;B.1.351;7
Costa Rica;2021-03;B.1.427;6
Costa Rica;2021-03;B.1.525;3
Costa Rica;2021-03;B.1.526;1
Costa Rica;2021-03;B.1.575;2
Costa Rica;2021-03;P.1;6
Costa Rica;2021-03;P.2;2
Costa Rica;2021-04;A.2.5;11
Costa Rica;2021-04;A.2.5.1;20
Costa Rica;2021-04;A.2.5.2;2
Costa Rica;2021-04;B.1.1;1
Costa Rica;2021-04;B.1.1.328;2
Costa Rica;2021-04;B.1.1.389;2
Costa Rica;2021-04;B.1.1.519;2
Costa Rica;2021-04;B.1.1.7;57
Costa Rica;2021-04;B.1.243;1
Costa Rica;2021-04;B.1.351;1
Costa Rica;2021-04;B.1.427;3
Costa Rica;2021-04;B.1.429;2
Costa Rica;2021-04;B.1.525;1
Costa Rica;2021-04;B.1.625;1
Costa Rica;2021-04;B.1.627;1
Costa Rica;2021-04;B.1.637;1
Costa Rica;2021-04;P.1;21
Costa Rica;2021-04;P.1.10;2
Costa Rica;2021-04;P.1.17;1
Costa Rica;2021-04;P.2;2
Costa Rica;2021-05;A.2.5;4
Costa Rica;2021-05;A.2.5.1;11
Costa Rica;2021-05;A.2.5.2;2
Costa Rica;2021-05;B.1.1;1
Costa Rica;2021-05;B.1.1.7;46
Costa Rica;2021-05;B.1.351;1
Costa Rica;2021-05;B.1.429;1
Costa Rica;2021-05;B.1.526;1
Costa Rica;2021-05;B.1.621;3
Costa Rica;2021-05;C.36.3;1
Costa Rica;2021-05;P.1;16
Costa Rica;2021-05;P.1.15;1
Costa Rica;2021-06;A.2.5;5
Costa Rica;2021-06;A.2.5.1;6
Costa Rica;2021-06;A.2.5.2;3
Costa Rica;2021-06;AY.100;1
Costa Rica;2021-06;AY.113;8
Costa Rica;2021-06;AY.26;1
Costa Rica;2021-06;AY.3;1
Costa Rica;2021-06;B.1.1.7;19
Costa Rica;2021-06;B.1.429;1
Costa Rica;2021-06;B.1.575;1
Costa Rica;2021-06;B.1.621;18
Costa Rica;2021-06;B.1.625;2
Costa Rica;2021-06;C.36.3;1
Costa Rica;2021-06;C.37;1
Costa Rica;2021-06;P.1;40
Costa Rica;2021-06;P.1.10;1
Costa Rica;2021-06;P.1.15;2
Costa Rica;2021-07;A.2.5;8
Costa Rica;2021-07;A.2.5.1;2
Costa Rica;2021-07;A.2.5.2;3
Costa Rica;2021-07;AY.100;2
Costa Rica;2021-07;AY.103;1
Costa Rica;2021-07;AY.113;50
Costa Rica;2021-07;AY.122;1
Costa Rica;2021-07;AY.20;1
Costa Rica;2021-07;AY.25;1
Costa Rica;2021-07;AY.25.1;6
Costa Rica;2021-07;AY.26;10
Costa Rica;2021-07;AY.3;3
Costa Rica;2021-07;AY.37;1
Costa Rica;2021-07;AY.4;9
Costa Rica;2021-07;AY.44;2
Costa Rica;2021-07;B.1.1.7;16
Costa Rica;2021-07;B.1.351;1
Costa Rica;2021-07;B.1.526;2
Costa Rica;2021-07;B.1.575;1
Costa Rica;2021-07;B.1.621;30
Costa Rica;2021-07;B.1.625;4
Costa Rica;2021-07;C.37;5
Costa Rica;2021-07;P.1;26
Costa Rica;2021-07;P.1.2;1
Costa Rica;2021-07;P.1.4;1
Costa Rica;2021-08;A.2.5;2
Costa Rica;2021-08;AY.1;1
Costa Rica;2021-08;AY.100;15
Costa Rica;2021-08;AY.103;3
Costa Rica;2021-08;AY.113;104
Costa Rica;2021-08;AY.119;1
Costa Rica;2021-08;AY.20;4
Costa Rica;2021-08;AY.25.1;25
Costa Rica;2021-08;AY.26;16
Costa Rica;2021-08;AY.3;4
Costa Rica;2021-08;AY.4;11
Costa Rica;2021-08;AY.44;4
Costa Rica;2021-08;AY.75;5
Costa Rica;2021-08;B.1.1.7;4
Costa Rica;2021-08;B.1.617.2;2
Costa Rica;2021-08;B.1.621;19
Costa Rica;2021-08;C.37;9
Costa Rica;2021-08;P.1;46
Costa Rica;2021-08;P.1.15;1
Costa Rica;2021-08;P.1.2;2
Costa Rica;2021-08;P.1.4;6
Costa Rica;2021-09;AY.100;13
Costa Rica;2021-09;AY.103;1
Costa Rica;2021-09;AY.113;78
Costa Rica;2021-09;AY.122;2
Costa Rica;2021-09;AY.20;1
Costa Rica;2021-09;AY.25.1;9
Costa Rica;2021-09;AY.26;2
Costa Rica;2021-09;AY.3;20
Costa Rica;2021-09;AY.4;15
Costa Rica;2021-09;AY.4.13;1
Costa Rica;2021-09;AY.44;2
Costa Rica;2021-09;AY.46.6;1
Costa Rica;2021-09;AY.47;1
Costa Rica;2021-09;AY.75;2
Costa Rica;2021-09;B.1.617.2;1
Costa Rica;2021-09;B.1.621;3
Costa Rica;2021-09;C.37;1
Costa Rica;2021-09;P.1;9
Costa Rica;2021-09;P.1.7;1
Costa Rica;2021-09;P.1.8;1
Costa Rica;2021-10;AY.100;18
Costa Rica;2021-10;AY.103;1
Costa Rica;2021-10;AY.110;3
Costa Rica;2021-10;AY.113;162
Costa Rica;2021-10;AY.119;14
Costa Rica;2021-10;AY.119.2;1
Costa Rica;2021-10;AY.122;6
Costa Rica;2021-10;AY.20;3
Costa Rica;2021-10;AY.25.1;33
Costa Rica;2021-10;AY.26;3
Costa Rica;2021-10;AY.3;28
Costa Rica;2021-10;AY.34.1.1;1
Costa Rica;2021-10;AY.4;25
Costa Rica;2021-10;AY.4.13;2
Costa Rica;2021-10;AY.42;2
Costa Rica;2021-10;AY.43;6
Costa Rica;2021-10;AY.43.3;4
Costa Rica;2021-10;AY.44;3
Costa Rica;2021-10;AY.46.6;3
Costa Rica;2021-10;AY.75;2
Costa Rica;2021-10;B.1.617.2;1
Costa Rica;2021-10;P.1.4;1
Costa Rica;2021-11;AY.100;35
Costa Rica;2021-11;AY.101;1
Costa Rica;2021-11;AY.103;2
Costa Rica;2021-11;AY.113;155
Costa Rica;2021-11;AY.119;7
Costa Rica;2021-11;AY.119.1;4
Costa Rica;2021-11;AY.119.2;3
Costa Rica;2021-11;AY.122;2
Costa Rica;2021-11;AY.122.4;3
Costa Rica;2021-11;AY.13;1
Costa Rica;2021-11;AY.20;1
Costa Rica;2021-11;AY.25.1;14
Costa Rica;2021-11;AY.3;21
Costa Rica;2021-11;AY.4;26
Costa Rica;2021-11;AY.43;9
Costa Rica;2021-11;AY.43.3;3
Costa Rica;2021-11;AY.44;4
Costa Rica;2021-11;AY.46.6;10
Costa Rica;2021-11;AY.6;1
Costa Rica;2021-11;AY.75;2
Costa Rica;2021-11;B.1.617.2;1
Costa Rica;2021-11;B.1.621;1
Costa Rica;2021-12;AY.100;11
Costa Rica;2021-12;AY.103;6
Costa Rica;2021-12;AY.113;68
Costa Rica;2021-12;AY.119;11
Costa Rica;2021-12;AY.119.1;7
Costa Rica;2021-12;AY.119.2;1
Costa Rica;2021-12;AY.122;3
Costa Rica;2021-12;AY.122.4;6
Costa Rica;2021-12;AY.25;1
Costa Rica;2021-12;AY.25.1;30
Costa Rica;2021-12;AY.26;2
Costa Rica;2021-12;AY.3;9
Costa Rica;2021-12;AY.3.1;2
Costa Rica;2021-12;AY.3.3;2
Costa Rica;2021-12;AY.36.1;2
Costa Rica;2021-12;AY.39.1;1
Costa Rica;2021-12;AY.4;12
Costa Rica;2021-12;AY.4.13;1
Costa Rica;2021-12;AY.4.2;3
Costa Rica;2021-12;AY.43;5
Costa Rica;2021-12;AY.43.3;1
Costa Rica;2021-12;AY.44;5
Costa Rica;2021-12;AY.46.6;1
Costa Rica;2021-12;AY.75;6
Costa Rica;2021-12;AY.94;1
Costa Rica;2021-12;B.1.617.2;4
Costa Rica;2021-12;BA.1;28
Costa Rica;2021-12;BA.1.1;106
Costa Rica;2021-12;BA.1.1.15;1
Costa Rica;2021-12;BA.1.1.18;1
Costa Rica;2021-12;BA.1.1.8;1
Costa Rica;2021-12;BA.1.10;1
Costa Rica;2021-12;BA.1.15;29
Costa Rica;2021-12;BA.1.15.3;2
Costa Rica;2021-12;BA.1.16;1
Costa Rica;2021-12;BA.1.17;7
Costa Rica;2021-12;BA.1.17.2;2
Costa Rica;2021-12;BA.1.18;1
Costa Rica;2021-12;BA.1.20;3
Costa Rica;2021-12;BA.1.8;1
Costa Rica;2022-01;AY.103;1
Costa Rica;2022-01;AY.113;3
Costa Rica;2022-01;AY.119;1
Costa Rica;2022-01;AY.25.1;3
Costa Rica;2022-01;AY.3;3
Costa Rica;2022-01;AY.75;2
Costa Rica;2022-01;BA.1;29
Costa Rica;2022-01;BA.1.1;307
Costa Rica;2022-01;BA.1.1.1;1
Costa Rica;2022-01;BA.1.1.14;1
Costa Rica;2022-01;BA.1.1.16;1
Costa Rica;2022-01;BA.1.1.18;3
Costa Rica;2022-01;BA.1.15;50
Costa Rica;2022-01;BA.1.15.1;1
Costa Rica;2022-01;BA.1.15.2;1
Costa Rica;2022-01;BA.1.16;2
Costa Rica;2022-01;BA.1.17;16
Costa Rica;2022-01;BA.1.18;2
Costa Rica;2022-01;BA.1.20;3
Costa Rica;2022-01;BA.1.6;1
Costa Rica;2022-01;BA.1.8;1
Costa Rica;2022-01;BA.2.3;1
Costa Rica;2022-01;BA.2.9;1
Costa Rica;2022-02;BA.1;16
Costa Rica;2022-02;BA.1.1;310
Costa Rica;2022-02;BA.1.1.1;1
Costa Rica;2022-02;BA.1.1.14;1
Costa Rica;2022-02;BA.1.1.18;1
Costa Rica;2022-02;BA.1.15;42
Costa Rica;2022-02;BA.1.15.1;2
Costa Rica;2022-02;BA.1.16;1
Costa Rica;2022-02;BA.1.17;5
Costa Rica;2022-02;BA.1.18;4
Costa Rica;2022-02;BA.1.20;5
Costa Rica;2022-02;BA.2;8
Costa Rica;2022-02;BA.2.12;1
Costa Rica;2022-02;BA.2.3;5
Costa Rica;2022-02;BA.2.9;12
Costa Rica;2022-02;XAF;1
Costa Rica;2022-03;BA.1;5
Costa Rica;2022-03;BA.1.1;212
Costa Rica;2022-03;BA.1.1.1;1
Costa Rica;2022-03;BA.1.1.10;2
Costa Rica;2022-03;BA.1.1.18;2
Costa Rica;2022-03;BA.1.15;12
Costa Rica;2022-03;BA.1.16;2
Costa Rica;2022-03;BA.1.17;7
Costa Rica;2022-03;BA.1.18;1
Costa Rica;2022-03;BA.1.20;3
Costa Rica;2022-03;BA.1.6;1
Costa Rica;2022-03;BA.2;27
Costa Rica;2022-03;BA.2.12;1
Costa Rica;2022-03;BA.2.3;39
Costa Rica;2022-03;BA.2.9;66
Costa Rica;2022-03;BA.3;1
Costa Rica;2022-03;XAF;14
Costa Rica;2022-04;BA.1.1;36
Costa Rica;2022-04;BA.1.15;2
Costa Rica;2022-04;BA.1.16;1
Costa Rica;2022-04;BA.1.20;1
Costa Rica;2022-04;BA.2;90
Costa Rica;2022-04;BA.2.12.1;1
Costa Rica;2022-04;BA.2.18;3
Costa Rica;2022-04;BA.2.20;3
Costa Rica;2022-04;BA.2.3;81
Costa Rica;2022-04;BA.2.3.2;2
Costa Rica;2022-04;BA.2.3.6;1
Costa Rica;2022-04;BA.2.36;1
Costa Rica;2022-04;BA.2.9;139
Costa Rica;2022-04;BA.3;18
Costa Rica;2022-04;XAF;19
Costa Rica;2022-05;BA.1.1;2
Costa Rica;2022-05;BA.2;227
Costa Rica;2022-05;BA.2.12.1;34
Costa Rica;2022-05;BA.2.18;1
Costa Rica;2022-05;BA.2.20;2
Costa Rica;2022-05;BA.2.3;96
Costa Rica;2022-05;BA.2.32;1
Costa Rica;2022-05;BA.2.54;1
Costa Rica;2022-05;BA.2.7;2
Costa Rica;2022-05;BA.2.72;2
Costa Rica;2022-05;BA.2.9;199
Costa Rica;2022-05;BA.2.9.1;1
Costa Rica;2022-05;BA.3;1
Costa Rica;2022-05;BA.4;6
Costa Rica;2022-05;BA.4.1;3
Costa Rica;2022-05;BA.4.4;12
Costa Rica;2022-05;BA.5.1;2
Costa Rica;2022-05;BA.5.1.23;1
Costa Rica;2022-05;BE.1;1
Costa Rica;2022-05;XAF;52
Costa Rica;2022-05;XAM;4
Costa Rica;2022-05;XAU;1
Costa Rica;2022-06;BA.2;101
Costa Rica;2022-06;BA.2.12;1
Costa Rica;2022-06;BA.2.12.1;119
Costa Rica;2022-06;BA.2.18;3
Costa Rica;2022-06;BA.2.23;1
Costa Rica;2022-06;BA.2.3;43
Costa Rica;2022-06;BA.2.3.4;1
Costa Rica;2022-06;BA.2.50;1
Costa Rica;2022-06;BA.2.52;1
Costa Rica;2022-06;BA.2.72;1
Costa Rica;2022-06;BA.2.9;119
Costa Rica;2022-06;BA.2.9.3;1
Costa Rica;2022-06;BA.2.9.7;2
Costa Rica;2022-06;BA.4;29
Costa Rica;2022-06;BA.4.1;9
Costa Rica;2022-06;BA.4.1.1;1
Costa Rica;2022-06;BA.4.1.4;1
Costa Rica;2022-06;BA.4.2;1
Costa Rica;2022-06;BA.4.4;94
Costa Rica;2022-06;BA.4.6.5;1
Costa Rica;2022-06;BA.5;2
Costa Rica;2022-06;BA.5.1;11
Costa Rica;2022-06;BA.5.1.1;1
Costa Rica;2022-06;BA.5.1.2;1
Costa Rica;2022-06;BA.5.1.23;2
Costa Rica;2022-06;BA.5.2.9;3
Costa Rica;2022-06;BA.5.3;4
Costa Rica;2022-06;BA.5.3.1;3
Costa Rica;2022-06;BA.5.5;1
Costa Rica;2022-06;BE.1;64
Costa Rica;2022-06;BE.1.2;2
Costa Rica;2022-06;BF.12;1
Costa Rica;2022-06;BF.26;1
Costa Rica;2022-06;BG.4;1
Costa Rica;2022-06;XAF;52
Costa Rica;2022-06;XAM;4
Costa Rica;2022-07;BA.2;16
Costa Rica;2022-07;BA.2.12.1;48
Costa Rica;2022-07;BA.2.3;8
Costa Rica;2022-07;BA.2.38;1
Costa Rica;2022-07;BA.2.56;2
Costa Rica;2022-07;BA.2.81;1
Costa Rica;2022-07;BA.2.9;21
Costa Rica;2022-07;BA.4;16
Costa Rica;2022-07;BA.4.1;28
Costa Rica;2022-07;BA.4.1.1;1
Costa Rica;2022-07;BA.4.1.8;1
Costa Rica;2022-07;BA.4.2;3
Costa Rica;2022-07;BA.4.4;188
Costa Rica;2022-07;BA.4.6;7
Costa Rica;2022-07;BA.5;9
Costa Rica;2022-07;BA.5.1;39
Costa Rica;2022-07;BA.5.1.1;1
Costa Rica;2022-07;BA.5.1.23;11
Costa Rica;2022-07;BA.5.1.5;1
Costa Rica;2022-07;BA.5.1.8;1
Costa Rica;2022-07;BA.5.2;10
Costa Rica;2022-07;BA.5.2.1;10
Costa Rica;2022-07;BA.5.2.21;1
Costa Rica;2022-07;BA.5.2.9;28
Costa Rica;2022-07;BA.5.3.1;1
Costa Rica;2022-07;BA.5.5;4
Costa Rica;2022-07;BA.5.6;2
Costa Rica;2022-07;BE.1;205
Costa Rica;2022-07;BE.1.2;35
Costa Rica;2022-07;BE.3;2
Costa Rica;2022-07;BF.10;1
Costa Rica;2022-07;BF.12;3
Costa Rica;2022-07;BF.27;1
Costa Rica;2022-07;BF.4;1
Costa Rica;2022-07;BF.5;2
Costa Rica;2022-07;BG.2;1
Costa Rica;2022-07;XAF;7
Costa Rica;2022-07;XAM;1
Costa Rica;2022-08;BA.2;2
Costa Rica;2022-08;BA.2.12.1;10
Costa Rica;2022-08;BA.2.72;1
Costa Rica;2022-08;BA.2.9;1
Costa Rica;2022-08;BA.4;5
Costa Rica;2022-08;BA.4.1;17
Costa Rica;2022-08;BA.4.1.1;1
Costa Rica;2022-08;BA.4.4;153
Costa Rica;2022-08;BA.4.6;17
Costa Rica;2022-08;BA.4.6.5;1
Costa Rica;2022-08;BA.5;10
Costa Rica;2022-08;BA.5.1;46
Costa Rica;2022-08;BA.5.1.1;2
Costa Rica;2022-08;BA.5.1.10;2
Costa Rica;2022-08;BA.5.1.12;1
Costa Rica;2022-08;BA.5.1.22;3
Costa Rica;2022-08;BA.5.1.23;4
Costa Rica;2022-08;BA.5.1.24;1
Costa Rica;2022-08;BA.5.1.30;2
Costa Rica;2022-08;BA.5.1.5;1
Costa Rica;2022-08;BA.5.1.7;6
Costa Rica;2022-08;BA.5.2;31
Costa Rica;2022-08;BA.5.2.1;29
Costa Rica;2022-08;BA.5.2.20;3
Costa Rica;2022-08;BA.5.2.23;4
Costa Rica;2022-08;BA.5.2.9;19
Costa Rica;2022-08;BA.5.5;8
Costa Rica;2022-08;BA.5.6;4
Costa Rica;2022-08;BA.5.6.1;2
Costa Rica;2022-08;BE.1;219
Costa Rica;2022-08;BE.1.1;1
Costa Rica;2022-08;BE.1.1.1;2
Costa Rica;2022-08;BE.1.1.2;2
Costa Rica;2022-08;BE.1.2;45
Costa Rica;2022-08;BE.1.4;1
Costa Rica;2022-08;BE.3;5
Costa Rica;2022-08;BF.1;1
Costa Rica;2022-08;BF.10;2
Costa Rica;2022-08;BF.12;1
Costa Rica;2022-08;BF.13;1
Costa Rica;2022-08;BF.26;3
Costa Rica;2022-08;BF.4;5
Costa Rica;2022-08;BF.7;1
Costa Rica;2022-08;BF.8;1
Costa Rica;2022-08;DC.1;2
Costa Rica;2022-08;XAF;2
Costa Rica;2022-08;XAN;1
Costa Rica;2022-08;XAS;2
Costa Rica;2022-09;BA.2.12.1;1
Costa Rica;2022-09;BA.2.75.1;2
Costa Rica;2022-09;BA.2.75.2;1
Costa Rica;2022-09;BA.4.1;8
Costa Rica;2022-09;BA.4.4;35
Costa Rica;2022-09;BA.4.6;12
Costa Rica;2022-09;BA.4.6.5;11
Costa Rica;2022-09;BA.5;8
Costa Rica;2022-09;BA.5.1;40
Costa Rica;2022-09;BA.5.1.10;1
Costa Rica;2022-09;BA.5.1.18;1
Costa Rica;2022-09;BA.5.1.2;5
Costa Rica;2022-09;BA.5.1.22;6
Costa Rica;2022-09;BA.5.1.23;4
Costa Rica;2022-09;BA.5.1.24;1
Costa Rica;2022-09;BA.5.1.5;4
Costa Rica;2022-09;BA.5.1.7;1
Costa Rica;2022-09;BA.5.2;26
Costa Rica;2022-09;BA.5.2.1;26
Costa Rica;2022-09;BA.5.2.23;65
Costa Rica;2022-09;BA.5.2.9;13
Costa Rica;2022-09;BA.5.6;3
Costa Rica;2022-09;BA.5.6.1;2
Costa Rica;2022-09;BE.1;70
Costa Rica;2022-09;BE.1.2;57
Costa Rica;2022-09;BE.1.2.1;34
Costa Rica;2022-09;BE.1.4;1
Costa Rica;2022-09;BE.3;1
Costa Rica;2022-09;BF.12;2
Costa Rica;2022-09;BF.13;2
Costa Rica;2022-09;BF.3;3
Costa Rica;2022-09;BF.4;3
Costa Rica;2022-09;BF.5;1
Costa Rica;2022-09;BF.7;1
Costa Rica;2022-09;BF.8;1
Costa Rica;2022-09;BQ.1;1
Costa Rica;2022-09;XAN;1
Costa Rica;2022-10;BA.1.1;1
Costa Rica;2022-10;BA.2;1
Costa Rica;2022-10;BA.2.3;2
Costa Rica;2022-10;BA.2.3.20;3
Costa Rica;2022-10;BA.4;1
Costa Rica;2022-10;BA.4.1;7
Costa Rica;2022-10;BA.4.4;10
Costa Rica;2022-10;BA.4.6;11
Costa Rica;2022-10;BA.4.6.5;9
Costa Rica;2022-10;BA.5;2
Costa Rica;2022-10;BA.5.1;39
Costa Rica;2022-10;BA.5.1.10;3
Costa Rica;2022-10;BA.5.1.12;5
Costa Rica;2022-10;BA.5.1.15;5
Costa Rica;2022-10;BA.5.1.18;2
Costa Rica;2022-10;BA.5.1.2;3
Costa Rica;2022-10;BA.5.1.22;2
Costa Rica;2022-10;BA.5.1.27;1
Costa Rica;2022-10;BA.5.1.5;9
Costa Rica;2022-10;BA.5.2;34
Costa Rica;2022-10;BA.5.2.1;19
Costa Rica;2022-10;BA.5.2.20;1
Costa Rica;2022-10;BA.5.2.23;160
Costa Rica;2022-10;BA.5.2.31;2
Costa Rica;2022-10;BA.5.2.7;1
Costa Rica;2022-10;BA.5.2.9;12
Costa Rica;2022-10;BA.5.3.1;2
Costa Rica;2022-10;BA.5.6;1
Costa Rica;2022-10;BE.1;29
Costa Rica;2022-10;BE.1.2;37
Costa Rica;2022-10;BE.1.2.1;69
Costa Rica;2022-10;BE.1.4;7
Costa Rica;2022-10;BE.3;2
Costa Rica;2022-10;BF.10;1
Costa Rica;2022-10;BF.13;1
Costa Rica;2022-10;BF.5;1
Costa Rica;2022-10;BF.7;2
Costa Rica;2022-10;BF.7.3;1
Costa Rica;2022-10;BM.1.1.3;2
Costa Rica;2022-10;BN.1.3;1
Costa Rica;2022-10;BQ.1;2
Costa Rica;2022-10;BQ.1.1;3
Costa Rica;2022-10;BQ.1.1.4;1
Costa Rica;2022-10;CM.9;1
Costa Rica;2022-10;XBB;1
Costa Rica;2022-11;BA.2.10.1;1
Costa Rica;2022-11;BA.2.75.2;2
Costa Rica;2022-11;BA.4.4;7
Costa Rica;2022-11;BA.4.6;7
Costa Rica;2022-11;BA.4.6.5;4
Costa Rica;2022-11;BA.5;2
Costa Rica;2022-11;BA.5.1;8
Costa Rica;2022-11;BA.5.1.10;2
Costa Rica;2022-11;BA.5.1.12;8
Costa Rica;2022-11;BA.5.1.15;5
Costa Rica;2022-11;BA.5.1.18;4
Costa Rica;2022-11;BA.5.1.23;5
Costa Rica;2022-11;BA.5.1.27;2
Costa Rica;2022-11;BA.5.1.5;2
Costa Rica;2022-11;BA.5.2;26
Costa Rica;2022-11;BA.5.2.1;6
Costa Rica;2022-11;BA.5.2.13;2
Costa Rica;2022-11;BA.5.2.20;1
Costa Rica;2022-11;BA.5.2.23;250
Costa Rica;2022-11;BA.5.2.25;1
Costa Rica;2022-11;BA.5.2.34;1
Costa Rica;2022-11;BA.5.2.7;1
Costa Rica;2022-11;BA.5.2.9;25
Costa Rica;2022-11;BA.5.3.1;2
Costa Rica;2022-11;BA.5.6;1
Costa Rica;2022-11;BE.1.1;1
Costa Rica;2022-11;BE.1.1.2;1
Costa Rica;2022-11;BE.1.2;31
Costa Rica;2022-11;BE.1.2.1;157
Costa Rica;2022-11;BE.1.4;2
Costa Rica;2022-11;BE.9;5
Costa Rica;2022-11;BF.32;1
Costa Rica;2022-11;BF.7;1
Costa Rica;2022-11;BM.1.1.3;14
Costa Rica;2022-11;BN.1.3;2
Costa Rica;2022-11;BN.1.3.1;1
Costa Rica;2022-11;BN.3.1;1
Costa Rica;2022-11;BQ.1;12
Costa Rica;2022-11;BQ.1.1;64
Costa Rica;2022-11;BQ.1.1.15;2
Costa Rica;2022-11;BQ.1.1.18;1
Costa Rica;2022-11;BQ.1.1.23;2
Costa Rica;2022-11;BQ.1.1.3;1
Costa Rica;2022-11;BQ.1.1.32;4
Costa Rica;2022-11;BQ.1.1.4;12
Costa Rica;2022-11;BQ.1.10;2
Costa Rica;2022-11;BQ.1.12;1
Costa Rica;2022-11;BQ.1.13;2
Costa Rica;2022-11;BQ.1.14;1
Costa Rica;2022-11;BQ.1.23;1
Costa Rica;2022-11;BQ.1.3;1
Costa Rica;2022-11;BQ.1.5;1
Costa Rica;2022-11;BW.1;8
Costa Rica;2022-11;BW.1.1;2
Costa Rica;2022-11;CA.7;1
Costa Rica;2022-11;CK.1;7
Costa Rica;2022-11;CM.2;2
Costa Rica;2022-11;CQ.2;1
Costa Rica;2022-11;DJ.1.1;1
Costa Rica;2022-11;DL.1;9
Costa Rica;2022-11;XBB;1
Costa Rica;2022-11;XBB.1;13
Costa Rica;2022-11;XBB.2;2
Costa Rica;2022-12;BA.2;1
Costa Rica;2022-12;BA.2.10.1;3
Costa Rica;2022-12;BA.2.75.2;1
Costa Rica;2022-12;BA.2.75.5;1
Costa Rica;2022-12;BA.4.4;3
Costa Rica;2022-12;BA.4.6;8
Costa Rica;2022-12;BA.5.1.10;3
Costa Rica;2022-12;BA.5.1.15;1
Costa Rica;2022-12;BA.5.2;6
Costa Rica;2022-12;BA.5.2.13;1
Costa Rica;2022-12;BA.5.2.23;64
Costa Rica;2022-12;BA.5.2.6;1
Costa Rica;2022-12;BA.5.2.9;9
Costa Rica;2022-12;BA.5.3.1;1
Costa Rica;2022-12;BE.1;1
Costa Rica;2022-12;BE.1.2;3
Costa Rica;2022-12;BE.1.2.1;53
Costa Rica;2022-12;BE.1.4;1
Costa Rica;2022-12;BE.10;1
Costa Rica;2022-12;BE.9;8
Costa Rica;2022-12;BF.11.2;1
Costa Rica;2022-12;BF.11.5;1
Costa Rica;2022-12;BF.7;1
Costa Rica;2022-12;BF.7.4;1
Costa Rica;2022-12;BM.1.1.3;3
Costa Rica;2022-12;BN.1.2;1
Costa Rica;2022-12;BN.1.3;2
Costa Rica;2022-12;BN.1.3.3;1
Costa Rica;2022-12;BN.1.4;1
Costa Rica;2022-12;BQ.1;11
Costa Rica;2022-12;BQ.1.1;127
Costa Rica;2022-12;BQ.1.1.1;8
Costa Rica;2022-12;BQ.1.1.10;2
Costa Rica;2022-12;BQ.1.1.11;2
Costa Rica;2022-12;BQ.1.1.13;4
Costa Rica;2022-12;BQ.1.1.14;1
Costa Rica;2022-12;BQ.1.1.18;32
Costa Rica;2022-12;BQ.1.1.23;1
Costa Rica;2022-12;BQ.1.1.24;2
Costa Rica;2022-12;BQ.1.1.31;2
Costa Rica;2022-12;BQ.1.1.32;3
Costa Rica;2022-12;BQ.1.1.34;2
Costa Rica;2022-12;BQ.1.1.4;4
Costa Rica;2022-12;BQ.1.10;20
Costa Rica;2022-12;BQ.1.10.1;1
Costa Rica;2022-12;BQ.1.13;5
Costa Rica;2022-12;BQ.1.14;1
Costa Rica;2022-12;BQ.1.2;6
Costa Rica;2022-12;BQ.1.22;2
Costa Rica;2022-12;BQ.1.23;2
Costa Rica;2022-12;BQ.1.5;4
Costa Rica;2022-12;BW.1;7
Costa Rica;2022-12;BW.1.1;5
Costa Rica;2022-12;CA.7;1
Costa Rica;2022-12;CH.1.1.2;1
Costa Rica;2022-12;CK.1;5
Costa Rica;2022-12;CM.2;3
Costa Rica;2022-12;DJ.1.1;1
Costa Rica;2022-12;DL.1;5
Costa Rica;2022-12;XBB.1;72
Costa Rica;2022-12;XBB.1.5;9
Costa Rica;2022-12;XBB.2;11
Costa Rica;2023-01;BA.4.4;1
Costa Rica;2023-01;BA.4.6.5;1
Costa Rica;2023-01;BA.5.1;1
Costa Rica;2023-01;BA.5.1.15;1
Costa Rica;2023-01;BA.5.2.23;18
Costa Rica;2023-01;BA.5.2.9;5
Costa Rica;2023-01;BE.1;2
Costa Rica;2023-01;BE.1.2;1
Costa Rica;2023-01;BE.1.2.1;23
Costa Rica;2023-01;BE.9;6
Costa Rica;2023-01;BN.1.3;1
Costa Rica;2023-01;BQ.1;11
Costa Rica;2023-01;BQ.1.1;133
Costa Rica;2023-01;BQ.1.1.1;6
Costa Rica;2023-01;BQ.1.1.13;8
Costa Rica;2023-01;BQ.1.1.14;1
Costa Rica;2023-01;BQ.1.1.15;3
Costa Rica;2023-01;BQ.1.1.16;1
Costa Rica;2023-01;BQ.1.1.18;4
Costa Rica;2023-01;BQ.1.1.22;1
Costa Rica;2023-01;BQ.1.1.24;2
Costa Rica;2023-01;BQ.1.1.25;2
Costa Rica;2023-01;BQ.1.1.3;2
Costa Rica;2023-01;BQ.1.1.31;5
Costa Rica;2023-01;BQ.1.1.32;8
Costa Rica;2023-01;BQ.1.1.4;5
Costa Rica;2023-01;BQ.1.1.8;1
Costa Rica;2023-01;BQ.1.10;18
Costa Rica;2023-01;BQ.1.11;1
Costa Rica;2023-01;BQ.1.12;1
Costa Rica;2023-01;BQ.1.13;1
Costa Rica;2023-01;BQ.1.14;4
Costa Rica;2023-01;BQ.1.18;1
Costa Rica;2023-01;BQ.1.2;4
Costa Rica;2023-01;BQ.1.20;6
Costa Rica;2023-01;BQ.1.23;3
Costa Rica;2023-01;BQ.1.25;1
Costa Rica;2023-01;BQ.1.28;1
Costa Rica;2023-01;BQ.1.3;5
Costa Rica;2023-01;BQ.1.5;1
Costa Rica;2023-01;BW.1;9
Costa Rica;2023-01;BW.1.1;1
Costa Rica;2023-01;CH.1.1.1;5
Costa Rica;2023-01;CK.1;1
Costa Rica;2023-01;DL.1;3
Costa Rica;2023-01;XBB;1
Costa Rica;2023-01;XBB.1;133
Costa Rica;2023-01;XBB.1.5;216
Costa Rica;2023-01;XBB.2;22
Dominican Republic;2020-02;Unassigned;1
Dominican Republic;2020-03;B.1;2
Dominican Republic;2020-05;B;2
Dominican Republic;2020-05;B.1;3
Dominican Republic;2020-08;B.1;2
Dominican Republic;2020-08;B.1.1.161;1
Dominican Republic;2020-09;B.1;2
Dominican Republic;2020-09;B.1.1;1
Dominican Republic;2020-09;B.1.1.161;1
Dominican Republic;2020-09;B.1.177;1
Dominican Republic;2020-10;B.1;5
Dominican Republic;2020-10;B.1.1;6
Dominican Republic;2020-10;B.1.1.231;1
Dominican Republic;2020-10;B.1.478;1
Dominican Republic;2020-11;B.1;9
Dominican Republic;2020-11;B.1.1;5
Dominican Republic;2020-11;B.1.1.207;1
Dominican Republic;2020-11;B.1.177;2
Dominican Republic;2020-11;B.1.234;2
Dominican Republic;2020-11;B.1.605;1
Dominican Republic;2020-11;B.1.623;1
Dominican Republic;2020-12;B.1;2
Dominican Republic;2020-12;B.1.1.7;1
Dominican Republic;2020-12;P.1;1
Dominican Republic;2021-01;AY.100;1
Dominican Republic;2021-01;AY.117;1
Dominican Republic;2021-01;AY.119;3
Dominican Republic;2021-01;AY.119.2;1
Dominican Republic;2021-01;AY.3;1
Dominican Republic;2021-01;AY.35;1
Dominican Republic;2021-01;AY.43;2
Dominican Republic;2021-01;AY.44;1
Dominican Republic;2021-01;B.1;16
Dominican Republic;2021-01;B.1.1;1
Dominican Republic;2021-01;B.1.1.434;1
Dominican Republic;2021-01;B.1.177;1
Dominican Republic;2021-01;B.1.2;1
Dominican Republic;2021-01;B.1.234;1
Dominican Republic;2021-01;B.1.239;2
Dominican Republic;2021-01;B.1.427;1
Dominican Republic;2021-01;B.1.429;1
Dominican Republic;2021-01;B.1.478;1
Dominican Republic;2021-01;B.1.575;35
Dominican Republic;2021-02;A.2.5;2
Dominican Republic;2021-02;AY.103;1
Dominican Republic;2021-02;AY.119;1
Dominican Republic;2021-02;AY.3;4
Dominican Republic;2021-02;AY.43;2
Dominican Republic;2021-02;AY.44;1
Dominican Republic;2021-02;B.1;5
Dominican Republic;2021-02;B.1.1.7;1
Dominican Republic;2021-02;B.1.429;1
Dominican Republic;2021-02;B.1.526;1
Dominican Republic;2021-02;B.1.575;5
Dominican Republic;2021-02;B.1.596;1
Dominican Republic;2021-02;B.1.637;2
Dominican Republic;2021-03;A.2.5;5
Dominican Republic;2021-03;AY.117;1
Dominican Republic;2021-03;AY.119;5
Dominican Republic;2021-03;AY.119.2;1
Dominican Republic;2021-03;AY.3;2
Dominican Republic;2021-03;AY.43;1
Dominican Republic;2021-03;B.1;3
Dominican Republic;2021-03;B.1.1.7;7
Dominican Republic;2021-03;B.1.526;10
Dominican Republic;2021-03;B.1.575;40
Dominican Republic;2021-03;B.1.623;2
Dominican Republic;2021-03;B.1.630;2
Dominican Republic;2021-03;B.1.637;9
Dominican Republic;2021-03;B.1.639;1
Dominican Republic;2021-03;P.1;3
Dominican Republic;2021-04;AY.25;1
Dominican Republic;2021-04;AY.25.1;1
Dominican Republic;2021-04;AY.3;1
Dominican Republic;2021-04;AY.43;1
Dominican Republic;2021-04;B.1.1.7;2
Dominican Republic;2021-04;B.1.526;2
Dominican Republic;2021-04;B.1.625;5
Dominican Republic;2021-04;B.1.630;1
Dominican Republic;2021-04;B.1.637;2
Dominican Republic;2021-04;P.1;6
Dominican Republic;2021-05;AY.100;1
Dominican Republic;2021-05;AY.117;1
Dominican Republic;2021-05;AY.119;1
Dominican Republic;2021-05;AY.3;1
Dominican Republic;2021-05;AY.43;1
Dominican Republic;2021-05;AY.68;1
Dominican Republic;2021-05;AY.99.2;2
Dominican Republic;2021-05;B.1;7
Dominican Republic;2021-05;B.1.1.7;9
Dominican Republic;2021-05;B.1.526;6
Dominican Republic;2021-05;B.1.575;2
Dominican Republic;2021-05;B.1.575.2;1
Dominican Republic;2021-05;B.1.621;3
Dominican Republic;2021-05;B.1.621.1;69
Dominican Republic;2021-05;B.1.630;18
Dominican Republic;2021-05;B.1.637;19
Dominican Republic;2021-05;B.1.639;1
Dominican Republic;2021-05;BB.2;1
Dominican Republic;2021-05;C.37.1;5
Dominican Republic;2021-05;C.39;1
Dominican Republic;2021-05;P.1;44
Dominican Republic;2021-05;P.1.10;2
Dominican Republic;2021-05;P.1.14;1
Dominican Republic;2021-05;Unassigned;1
Dominican Republic;2021-06;B.1;2
Dominican Republic;2021-06;B.1.526;2
Dominican Republic;2021-06;B.1.617.2;1
Dominican Republic;2021-06;B.1.621.1;20
Dominican Republic;2021-06;B.1.630;6
Dominican Republic;2021-06;P.1.15;1
Dominican Republic;2021-06;Unassigned;2
Dominican Republic;2021-07;AY.25;1
Dominican Republic;2021-07;AY.43;1
Dominican Republic;2021-07;B.1;2
Dominican Republic;2021-07;B.1.526;1
Dominican Republic;2021-07;B.1.621;1
Dominican Republic;2021-07;B.1.621.1;20
Dominican Republic;2021-07;B.1.630;5
Dominican Republic;2021-07;C.37.1;1
Dominican Republic;2021-07;P.1;2
Dominican Republic;2021-08;AY.105;2
Dominican Republic;2021-08;AY.25;1
Dominican Republic;2021-08;AY.39;1
Dominican Republic;2021-08;AY.43;2
Dominican Republic;2021-08;AY.47;1
Dominican Republic;2021-08;AY.62;1
Dominican Republic;2021-08;B.1.621.1;4
Dominican Republic;2021-08;B.1.630;4
Dominican Republic;2021-09;AY.25.1;1
Dominican Republic;2021-09;AY.35;2
Dominican Republic;2021-09;B.1;1
Dominican Republic;2021-09;B.1.617.2;1
Dominican Republic;2021-10;AY.100;4
Dominican Republic;2021-10;AY.103;11
Dominican Republic;2021-10;AY.113;7
Dominican Republic;2021-10;AY.117;3
Dominican Republic;2021-10;AY.118;1
Dominican Republic;2021-10;AY.119;61
Dominican Republic;2021-10;AY.119.1;1
Dominican Republic;2021-10;AY.119.2;16
Dominican Republic;2021-10;AY.122;7
Dominican Republic;2021-10;AY.14;9
Dominican Republic;2021-10;AY.25;13
Dominican Republic;2021-10;AY.25.1;22
Dominican Republic;2021-10;AY.3;22
Dominican Republic;2021-10;AY.3.1;1
Dominican Republic;2021-10;AY.34.2;2
Dominican Republic;2021-10;AY.35;15
Dominican Republic;2021-10;AY.37;1
Dominican Republic;2021-10;AY.39;5
Dominican Republic;2021-10;AY.39.1;1
Dominican Republic;2021-10;AY.4;1
Dominican Republic;2021-10;AY.42;1
Dominican Republic;2021-10;AY.43;69
Dominican Republic;2021-10;AY.43.8;1
Dominican Republic;2021-10;AY.44;6
Dominican Republic;2021-10;AY.47;3
Dominican Republic;2021-10;AY.62;1
Dominican Republic;2021-10;AY.98.1;1
Dominican Republic;2021-10;B.1.617.2;1
Dominican Republic;2021-10;B.1.621.1;2
Dominican Republic;2021-10;B.1.630;1
Dominican Republic;2021-10;B.1.639;2
Dominican Republic;2021-10;BB.2;1
Dominican Republic;2021-10;P.1;2
Dominican Republic;2021-11;AY.100;1
Dominican Republic;2021-11;AY.103;2
Dominican Republic;2021-11;AY.113;2
Dominican Republic;2021-11;AY.117;2
Dominican Republic;2021-11;AY.119;14
Dominican Republic;2021-11;AY.119.2;8
Dominican Republic;2021-11;AY.122;2
Dominican Republic;2021-11;AY.14;1
Dominican Republic;2021-11;AY.25.1;5
Dominican Republic;2021-11;AY.3;13
Dominican Republic;2021-11;AY.35;4
Dominican Republic;2021-11;AY.39;1
Dominican Republic;2021-11;AY.39.1;2
Dominican Republic;2021-11;AY.43;36
Dominican Republic;2021-11;AY.44;1
Dominican Republic;2021-11;AY.88;1
Dominican Republic;2021-11;B.1.639;1
Dominican Republic;2021-12;AY.103;8
Dominican Republic;2021-12;AY.113;4
Dominican Republic;2021-12;AY.117;1
Dominican Republic;2021-12;AY.118;2
Dominican Republic;2021-12;AY.119;32
Dominican Republic;2021-12;AY.119.2;13
Dominican Republic;2021-12;AY.122;1
Dominican Republic;2021-12;AY.14;1
Dominican Republic;2021-12;AY.25;2
Dominican Republic;2021-12;AY.25.1;9
Dominican Republic;2021-12;AY.3;10
Dominican Republic;2021-12;AY.35;7
Dominican Republic;2021-12;AY.39;2
Dominican Republic;2021-12;AY.43;46
Dominican Republic;2021-12;AY.44;3
Dominican Republic;2021-12;AY.47;3
Dominican Republic;2021-12;AY.75;1
Dominican Republic;2021-12;BA.1;27
Dominican Republic;2021-12;BA.1.1;17
Dominican Republic;2021-12;BA.1.1.1;2
Dominican Republic;2021-12;BA.1.15;10
Dominican Republic;2021-12;BA.1.17.2;1
Dominican Republic;2022-01;BA.1;10
Dominican Republic;2022-01;BA.1.1;9
Dominican Republic;2022-01;BA.1.20;2
Dominican Republic;2022-02;BA.1;5
Dominican Republic;2022-02;BA.1.1;5
Dominican Republic;2022-02;BA.1.17;1
Dominican Republic;2022-02;BA.1.18;1
Dominican Republic;2022-02;BA.2;1
Dominican Republic;2022-03;BA.1;1
Dominican Republic;2022-04;BA.1;1
Dominican Republic;2022-04;BA.2;6
Dominican Republic;2022-04;BA.2.12.1;2
Dominican Republic;2022-04;BA.2.9;1
Dominican Republic;2022-05;AY.100;1
Dominican Republic;2022-05;AY.103;3
Dominican Republic;2022-05;AY.117;1
Dominican Republic;2022-05;AY.119;17
Dominican Republic;2022-05;AY.119.2;7
Dominican Republic;2022-05;AY.14;2
Dominican Republic;2022-05;AY.25;1
Dominican Republic;2022-05;AY.25.1;10
Dominican Republic;2022-05;AY.3;9
Dominican Republic;2022-05;AY.35;1
Dominican Republic;2022-05;AY.43;11
Dominican Republic;2022-05;AY.44;4
Dominican Republic;2022-05;AY.46;1
Dominican Republic;2022-05;AY.62;2
Dominican Republic;2022-05;B.1.1.7;2
Dominican Republic;2022-05;B.1.526;3
Dominican Republic;2022-05;B.1.575;1
Dominican Republic;2022-05;B.1.575.1;1
Dominican Republic;2022-05;B.1.617.2;3
Dominican Republic;2022-05;B.1.621;1
Dominican Republic;2022-05;B.1.621.1;35
Dominican Republic;2022-05;B.1.630;4
Dominican Republic;2022-05;B.1.637;2
Dominican Republic;2022-05;BA.1;4
Dominican Republic;2022-05;BA.1.1;4
Dominican Republic;2022-05;BA.1.1.1;1
Dominican Republic;2022-05;BA.1.15;1
Dominican Republic;2022-05;BA.2;19
Dominican Republic;2022-05;BA.2.12.1;21
Dominican Republic;2022-05;BA.2.3;1
Dominican Republic;2022-05;BA.2.3.6;1
Dominican Republic;2022-05;BA.2.30;1
Dominican Republic;2022-05;BA.2.36;2
Dominican Republic;2022-05;BA.2.38;1
Dominican Republic;2022-05;BA.2.73;1
Dominican Republic;2022-05;BA.2.9;3
Dominican Republic;2022-05;BA.4;2
Dominican Republic;2022-05;BA.4.1;3
Dominican Republic;2022-05;C.37.1;7
Dominican Republic;2022-05;P.1;4
Dominican Republic;2022-05;P.1.15;1
Dominican Republic;2022-06;BA.1;1
Dominican Republic;2022-06;BA.1.1;1
Dominican Republic;2022-06;BA.2;3
Dominican Republic;2022-06;BA.2.12.1;29
Dominican Republic;2022-06;BA.2.36;1
Dominican Republic;2022-06;BA.2.6;1
Dominican Republic;2022-06;BA.2.9;1
Dominican Republic;2022-06;BA.4.1;21
Dominican Republic;2022-06;BA.4.4;4
Dominican Republic;2022-06;BA.4.6;6
Dominican Republic;2022-06;BA.4.6.4;1
Dominican Republic;2022-06;BA.4.6.5;1
Dominican Republic;2022-06;BA.5.1;4
Dominican Republic;2022-06;BA.5.2.1;1
Dominican Republic;2022-06;BA.5.6;3
Dominican Republic;2022-06;XAG;1
Dominican Republic;2022-06;XAM;1
Dominican Republic;2022-07;BA.1;1
Dominican Republic;2022-07;BA.1.1;2
Dominican Republic;2022-07;BA.2;3
Dominican Republic;2022-07;BA.2.12.1;21
Dominican Republic;2022-07;BA.2.13.1;1
Dominican Republic;2022-07;BA.2.36;1
Dominican Republic;2022-07;BA.2.48;1
Dominican Republic;2022-07;BA.4;3
Dominican Republic;2022-07;BA.4.1;48
Dominican Republic;2022-07;BA.4.1.1;1
Dominican Republic;2022-07;BA.4.4;16
Dominican Republic;2022-07;BA.4.6;73
Dominican Republic;2022-07;BA.4.6.4;3
Dominican Republic;2022-07;BA.4.6.5;4
Dominican Republic;2022-07;BA.5.1;11
Dominican Republic;2022-07;BA.5.1.1;1
Dominican Republic;2022-07;BA.5.1.22;1
Dominican Republic;2022-07;BA.5.1.3;2
Dominican Republic;2022-07;BA.5.1.30;1
Dominican Republic;2022-07;BA.5.2.1;3
Dominican Republic;2022-07;BA.5.2.21;1
Dominican Republic;2022-07;BA.5.2.9;1
Dominican Republic;2022-07;BA.5.5;1
Dominican Republic;2022-07;BA.5.6;12
Dominican Republic;2022-07;BF.5;1
Dominican Republic;2022-07;Unassigned;3
Dominican Republic;2022-08;B.1.630;1
Dominican Republic;2022-08;BA.2;2
Dominican Republic;2022-08;BA.2.12.1;1
Dominican Republic;2022-08;BA.3;1
Dominican Republic;2022-08;BA.4.1;7
Dominican Republic;2022-08;BA.4.1.8;1
Dominican Republic;2022-08;BA.4.1.9;1
Dominican Republic;2022-08;BA.4.4;2
Dominican Republic;2022-08;BA.4.6;142
Dominican Republic;2022-08;BA.4.6.2;4
Dominican Republic;2022-08;BA.4.6.5;8
Dominican Republic;2022-08;BA.5;1
Dominican Republic;2022-08;BA.5.1;7
Dominican Republic;2022-08;BA.5.2.1;17
Dominican Republic;2022-08;BA.5.5;1
Dominican Republic;2022-08;BA.5.6;8
Dominican Republic;2022-08;BE.1.1;1
Dominican Republic;2022-08;BF.10;1
Dominican Republic;2022-09;BA.2.12.1;2
Dominican Republic;2022-09;BA.4.6;100
Dominican Republic;2022-09;BA.4.6.1;1
Dominican Republic;2022-09;BA.4.6.2;7
Dominican Republic;2022-09;BA.4.6.4;1
Dominican Republic;2022-09;BA.4.6.5;4
Dominican Republic;2022-09;BA.5;3
Dominican Republic;2022-09;BA.5.1;1
Dominican Republic;2022-09;BA.5.1.24;1
Dominican Republic;2022-09;BA.5.1.30;1
Dominican Republic;2022-09;BA.5.2;1
Dominican Republic;2022-09;BA.5.2.1;6
Dominican Republic;2022-09;BA.5.2.30;1
Dominican Republic;2022-09;BA.5.5;1
Dominican Republic;2022-09;BF.26;3
Dominican Republic;2022-09;BF.27;1
Dominican Republic;2022-09;BQ.1.13;1
Dominican Republic;2022-10;BA.4.6;34
Dominican Republic;2022-10;BA.4.6.2;9
Dominican Republic;2022-10;BA.4.6.5;4
Dominican Republic;2022-10;BA.5.1;1
Dominican Republic;2022-10;BA.5.2;5
Dominican Republic;2022-10;BA.5.2.1;1
Dominican Republic;2022-10;BA.5.2.6;1
Dominican Republic;2022-10;BF.13;1
Dominican Republic;2022-10;BF.7;1
Dominican Republic;2022-10;BN.1.3.1;3
Dominican Republic;2022-10;BQ.1;6
Dominican Republic;2022-10;BQ.1.1;5
Dominican Republic;2022-10;BQ.1.1.15;1
Dominican Republic;2022-10;BQ.1.1.18;1
Dominican Republic;2022-10;BQ.1.1.24;1
Dominican Republic;2022-10;BQ.1.10;2
Dominican Republic;2022-10;BQ.1.25;1
Dominican Republic;2022-10;XBB.1;3
Dominican Republic;2022-11;BA.2.10.1;3
Dominican Republic;2022-11;BA.4.6;1
Dominican Republic;2022-11;BA.4.6.2;5
Dominican Republic;2022-11;BA.5.1;1
Dominican Republic;2022-11;BA.5.1.30;1
Dominican Republic;2022-11;BA.5.2.6;1
Dominican Republic;2022-11;BF.13;1
Dominican Republic;2022-11;BF.14;1
Dominican Republic;2022-11;BF.7;6
Dominican Republic;2022-11;BN.1.3.1;4
Dominican Republic;2022-11;BQ.1;18
Dominican Republic;2022-11;BQ.1.1;5
Dominican Republic;2022-11;BQ.1.1.1;1
Dominican Republic;2022-11;BQ.1.1.13;1
Dominican Republic;2022-11;BQ.1.1.15;3
Dominican Republic;2022-11;BQ.1.1.18;8
Dominican Republic;2022-11;BQ.1.1.3;1
Dominican Republic;2022-11;BQ.1.1.4;2
Dominican Republic;2022-11;BQ.1.1.5;9
Dominican Republic;2022-11;BQ.1.14;1
Dominican Republic;2022-11;BQ.1.2;1
Dominican Republic;2022-11;BQ.1.23;1
Dominican Republic;2022-11;BQ.1.3;2
Dominican Republic;2022-11;CQ.2;1
Dominican Republic;2022-11;XBB.1;157
Dominican Republic;2022-11;XBB.1.5;1
Dominican Republic;2022-12;BA.2;1
Dominican Republic;2022-12;BA.2.10.1;14
Dominican Republic;2022-12;BA.4.6;1
Dominican Republic;2022-12;BE.1.1;1
Dominican Republic;2022-12;BE.1.1.1;1
Dominican Republic;2022-12;BE.10;1
Dominican Republic;2022-12;BQ.1;3
Dominican Republic;2022-12;BQ.1.1;12
Dominican Republic;2022-12;BQ.1.1.13;2
Dominican Republic;2022-12;BQ.1.1.15;2
Dominican Republic;2022-12;BQ.1.1.3;4
Dominican Republic;2022-12;BQ.1.1.4;6
Dominican Republic;2022-12;BQ.1.1.5;2
Dominican Republic;2022-12;BQ.1.2;1
Dominican Republic;2022-12;BQ.1.3;3
Dominican Republic;2022-12;BQ.1.5;1
Dominican Republic;2022-12;CQ.2;1
Dominican Republic;2022-12;XBB;1
Dominican Republic;2022-12;XBB.1;115
Dominican Republic;2022-12;XBB.1.4;8
Dominican Republic;2022-12;XBB.1.5;3
Dominican Republic;2022-12;XBB.2;1
Dominican Republic;2023-01;BA.5.2.6;1
Dominican Republic;2023-01;BE.9;1
Dominican Republic;2023-01;BQ.1.1.25;1
Dominican Republic;2023-01;BQ.1.1.30;1
Dominican Republic;2023-01;BQ.1.12;1
Dominican Republic;2023-01;BQ.1.23;1
Dominican Republic;2023-01;BQ.1.3;2
Dominican Republic;2023-01;CH.1.1;2
Dominican Republic;2023-01;DR.1;1
Dominican Republic;2023-01;XBB.1;23
Dominican Republic;2023-01;XBB.1.5;22
Dominican Republic;2023-01;XBB.2;2
El Salvador;2020-09;B.1;1
El Salvador;2021-04;A.2.5;27
El Salvador;2021-04;A.2.5.1;1
El Salvador;2021-04;B;1
El Salvador;2021-04;B.1;4
El Salvador;2021-04;B.1.1;1
El Salvador;2021-04;B.1.1.519;1
El Salvador;2021-04;B.1.1.7;3
El Salvador;2021-04;B.1.427;14
El Salvador;2021-04;B.1.429;4
El Salvador;2021-04;B.1.627;18
El Salvador;2021-04;B.1.631;9
El Salvador;2021-04;C.37;2
El Salvador;2021-04;C.37.1;1
El Salvador;2021-04;Unassigned;1
El Salvador;2021-04;XB;8
El Salvador;2021-05;A.2.5;7
El Salvador;2021-05;C.37;1
El Salvador;2021-05;P.1;1
El Salvador;2021-06;A.2.5;3
El Salvador;2021-06;B.1.631;2
El Salvador;2021-07;A.2.5;39
El Salvador;2021-07;A.2.5.1;1
El Salvador;2021-07;B;1
El Salvador;2021-07;B.1;3
El Salvador;2021-07;B.1.1;1
El Salvador;2021-07;B.1.1.519;1
El Salvador;2021-07;B.1.1.7;3
El Salvador;2021-07;B.1.427;13
El Salvador;2021-07;B.1.429;4
El Salvador;2021-07;B.1.627;17
El Salvador;2021-07;B.1.631;10
El Salvador;2021-07;C.37;2
El Salvador;2021-07;C.37.1;1
El Salvador;2021-07;XB;12
El Salvador;2021-08;A.2.5;2
El Salvador;2021-08;AY.20;1
El Salvador;2021-08;AY.54;1
El Salvador;2021-08;B.1.1.7;1
El Salvador;2021-08;B.1.631;5
El Salvador;2021-08;C.37;6
El Salvador;2021-08;XB;1
El Salvador;2021-11;AY.100;24
El Salvador;2021-11;AY.103;1
El Salvador;2021-11;AY.113;13
El Salvador;2021-11;AY.119;2
El Salvador;2021-11;AY.20;2
El Salvador;2021-11;AY.25;5
El Salvador;2021-11;AY.25.1;3
El Salvador;2021-11;AY.43.1;1
El Salvador;2021-11;AY.44;7
El Salvador;2021-11;AY.54;1
El Salvador;2021-12;AY.100;10
El Salvador;2021-12;AY.103;2
El Salvador;2021-12;AY.113;1
El Salvador;2021-12;AY.25;2
El Salvador;2021-12;AY.25.1;1
El Salvador;2021-12;AY.3;1
El Salvador;2021-12;BA.1;2
El Salvador;2021-12;BA.1.1;3
El Salvador;2021-12;BA.1.15;1
El Salvador;2021-12;BA.1.20;1
El Salvador;2022-01;AY.119;1
El Salvador;2022-01;B.1.1.529;1
El Salvador;2022-01;BA.1;12
El Salvador;2022-01;BA.1.1;102
El Salvador;2022-01;BA.1.1.18;1
El Salvador;2022-01;BA.1.15;14
El Salvador;2022-01;BA.1.17;4
El Salvador;2022-01;BA.1.17.2;1
El Salvador;2022-01;BA.1.18;4
El Salvador;2022-01;BA.1.19;2
El Salvador;2022-01;BA.1.20;1
El Salvador;2022-01;Unassigned;1
El Salvador;2022-02;BA.1.18;1
El Salvador;2022-03;BA.1.18;1
El Salvador;2022-04;BA.2;2
El Salvador;2022-04;BA.2.12.1;2
El Salvador;2022-04;BA.2.3;1
El Salvador;2022-04;BA.2.3.17;1
El Salvador;2022-04;XAM;1
El Salvador;2022-05;BA.2;11
El Salvador;2022-05;BA.2.10;1
El Salvador;2022-05;BA.2.12.1;15
El Salvador;2022-05;BA.2.18;1
El Salvador;2022-05;BA.2.3;2
El Salvador;2022-05;BA.2.73;1
El Salvador;2022-05;BA.2.9;2
El Salvador;2022-05;BA.4.2;3
El Salvador;2022-06;BA.2;2
El Salvador;2022-06;BA.2.12.1;2
El Salvador;2022-06;BA.2.3;1
El Salvador;2022-06;BA.4.2;1
El Salvador;2022-07;BA.2;1
El Salvador;2022-07;BA.2.12;1
El Salvador;2022-07;BA.2.12.1;14
El Salvador;2022-07;BA.2.14;1
El Salvador;2022-07;BA.2.3;3
El Salvador;2022-07;BA.4;2
El Salvador;2022-07;BA.4.1;1
El Salvador;2022-07;BA.4.2;7
El Salvador;2022-07;BA.5;5
El Salvador;2022-07;BA.5.1;18
El Salvador;2022-07;BA.5.1.1;1
El Salvador;2022-07;BA.5.1.30;1
El Salvador;2022-07;BA.5.2;1
El Salvador;2022-07;BA.5.2.1;16
El Salvador;2022-07;BA.5.5;27
El Salvador;2022-08;BA.5.2.1;1
El Salvador;2022-11;BA.5.2.1;1
El Salvador;2022-11;BQ.1;2
El Salvador;2022-11;XBB.1;7
El Salvador;2022-12;XBB.1;1
Guatemala;2020-03;A;1
Guatemala;2020-03;B.1;9
Guatemala;2020-05;B.1;7
Guatemala;2020-05;B.1.450;1
Guatemala;2020-06;B.1;26
Guatemala;2020-06;B.1.1.368;2
Guatemala;2020-06;B.1.1.71;2
Guatemala;2020-07;B.1;15
Guatemala;2020-07;B.1.1.71;2
Guatemala;2020-08;B.1;2
Guatemala;2020-08;B.1.1.368;1
Guatemala;2020-08;Unassigned;1
Guatemala;2020-09;B.1;9
Guatemala;2020-09;B.1.558;1
Guatemala;2020-09;Unassigned;2
Guatemala;2020-10;B;1
Guatemala;2020-10;B.1;60
Guatemala;2020-10;B.1.1.368;1
Guatemala;2020-10;B.1.108;1
Guatemala;2020-10;B.1.346;1
Guatemala;2020-10;B.1.517;1
Guatemala;2020-10;B.1.558;2
Guatemala;2020-10;B.1.596;1
Guatemala;2020-10;Unassigned;19
Guatemala;2020-11;B.1;22
Guatemala;2020-11;B.1.1;1
Guatemala;2020-11;B.1.1.368;3
Guatemala;2020-11;B.1.1.432;2
Guatemala;2020-11;B.1.378;1
Guatemala;2020-11;Unassigned;1
Guatemala;2020-12;B.1;20
Guatemala;2020-12;B.1.1.368;1
Guatemala;2020-12;B.1.1.71;1
Guatemala;2020-12;B.1.143;1
Guatemala;2020-12;B.1.2;1
Guatemala;2020-12;Unassigned;2
Guatemala;2021-01;A.2.5;1
Guatemala;2021-01;A.2.5.1;1
Guatemala;2021-01;B.1;32
Guatemala;2021-01;B.1.1;3
Guatemala;2021-01;B.1.1.285;4
Guatemala;2021-01;B.1.1.368;6
Guatemala;2021-01;B.1.111;1
Guatemala;2021-01;B.1.2;1
Guatemala;2021-01;B.1.220;1
Guatemala;2021-01;B.1.240;5
Guatemala;2021-01;B.1.241;2
Guatemala;2021-01;B.1.427;2
Guatemala;2021-01;B.1.429;8
Guatemala;2021-01;Unassigned;50
Guatemala;2021-02;A.2.5;3
Guatemala;2021-02;B.1;3
Guatemala;2021-02;B.1.1.368;17
Guatemala;2021-02;B.1.1.71;2
Guatemala;2021-02;B.1.526;2
Guatemala;2021-03;A.2.5;3
Guatemala;2021-03;A.2.5.1;1
Guatemala;2021-03;B.1;2
Guatemala;2021-03;B.1.1.267;1
Guatemala;2021-03;B.1.1.368;22
Guatemala;2021-03;B.1.1.519;1
Guatemala;2021-03;B.1.1.7;4
Guatemala;2021-03;B.1.1.71;2
Guatemala;2021-03;B.1.2;4
Guatemala;2021-03;B.1.429;2
Guatemala;2021-03;B.1.627;3
Guatemala;2021-03;B.1.637;1
Guatemala;2021-04;A.2.5;9
Guatemala;2021-04;AY.113;1
Guatemala;2021-04;B.1;1
Guatemala;2021-04;B.1.1.318;1
Guatemala;2021-04;B.1.1.368;1
Guatemala;2021-04;B.1.1.519;2
Guatemala;2021-04;B.1.1.7;10
Guatemala;2021-04;B.1.351;1
Guatemala;2021-04;B.1.526;2
Guatemala;2021-04;B.1.627;3
Guatemala;2021-04;B.1.636;3
Guatemala;2021-04;P.1;1
Guatemala;2021-04;P.1.17;2
Guatemala;2021-04;Unassigned;1
Guatemala;2021-04;XB;1
Guatemala;2021-05;A.2.5;17
Guatemala;2021-05;A.2.5.1;1
Guatemala;2021-05;B.1.1.519;2
Guatemala;2021-05;B.1.1.7;1
Guatemala;2021-05;B.1.627;4
Guatemala;2021-05;P.1;1
Guatemala;2021-05;XB;5
Guatemala;2021-06;A.2.5;57
Guatemala;2021-06;AY.100;28
Guatemala;2021-06;AY.113;12
Guatemala;2021-06;AY.25.1;2
Guatemala;2021-06;B.1;2
Guatemala;2021-06;B.1.1.265;1
Guatemala;2021-06;B.1.1.519;1
Guatemala;2021-06;B.1.1.7;2
Guatemala;2021-06;B.1.429;4
Guatemala;2021-06;B.1.621;1
Guatemala;2021-06;B.1.627;10
Guatemala;2021-06;B.1.634;1
Guatemala;2021-06;B.1.637;1
Guatemala;2021-06;C.37;1
Guatemala;2021-06;P.1;13
Guatemala;2021-06;P.1.15;1
Guatemala;2021-06;XB;30
Guatemala;2021-07;A.2.5;62
Guatemala;2021-07;A.2.5.1;2
Guatemala;2021-07;AY.100;47
Guatemala;2021-07;AY.113;14
Guatemala;2021-07;AY.122;5
Guatemala;2021-07;AY.20;4
Guatemala;2021-07;AY.25.1;6
Guatemala;2021-07;AY.4.2.3;1
Guatemala;2021-07;AY.42;1
Guatemala;2021-07;AY.43;1
Guatemala;2021-07;B;1
Guatemala;2021-07;B.1;2
Guatemala;2021-07;B.1.1.519;1
Guatemala;2021-07;B.1.1.7;1
Guatemala;2021-07;B.1.429;1
Guatemala;2021-07;B.1.617.2;1
Guatemala;2021-07;B.1.621;3
Guatemala;2021-07;B.1.627;1
Guatemala;2021-07;C.37;2
Guatemala;2021-07;P.1;17
Guatemala;2021-07;P.1.15;2
Guatemala;;XB;25
Guatemala;2021-08;A.2.5;10
Guatemala;2021-08;A.2.5.1;1
Guatemala;2021-08;AY.100;68
Guatemala;2021-08;AY.103;2
Guatemala;2021-08;AY.113;44
Guatemala;2021-08;AY.119;1
Guatemala;2021-08;AY.25;1
Guatemala;2021-08;AY.25.1;8
Guatemala;2021-08;AY.26;1
Guatemala;2021-08;AY.3.1;1
Guatemala;2021-08;AY.44;1
Guatemala;2021-08;B.1;1
Guatemala;2021-08;BA.1;1
Guatemala;2021-08;P.1;6
Guatemala;2021-08;P.1.15;1
Guatemala;2021-08;P.1.7;1
Guatemala;2021-08;XB;14
Guatemala;2021-09;A.2.5;2
Guatemala;2021-09;AY.100;189
Guatemala;2021-09;AY.101;1
Guatemala;2021-09;AY.113;88
Guatemala;2021-09;AY.122;1
Guatemala;2021-09;AY.20;5
Guatemala;2021-09;AY.25.1;8
Guatemala;2021-09;AY.3;1
Guatemala;2021-09;AY.43;1
Guatemala;2021-09;AY.75;2
Guatemala;2021-09;B.1.617.2;1
Guatemala;2021-09;P.1;1
Guatemala;2021-09;XB;7
Guatemala;2021-10;AY.100;51
Guatemala;2021-10;AY.103;1
Guatemala;2021-10;AY.113;44
Guatemala;2021-10;AY.25.1;3
Guatemala;2021-10;AY.43;1
Guatemala;2021-10;AY.75;1
Guatemala;2021-11;AY.100;17
Guatemala;2021-11;AY.113;24
Guatemala;2021-11;AY.119.1;3
Guatemala;2021-11;AY.20;1
Guatemala;2021-11;AY.3;1
Guatemala;2021-11;AY.43;1
Guatemala;2021-12;AY.100;5
Guatemala;2021-12;AY.113;7
Guatemala;2021-12;AY.117;1
Guatemala;2021-12;AY.118;1
Guatemala;2021-12;AY.119.1;5
Guatemala;2021-12;AY.122;2
Guatemala;2021-12;AY.20;2
Guatemala;2021-12;AY.25;1
Guatemala;2021-12;AY.25.1;2
Guatemala;2021-12;AY.3;3
Guatemala;2021-12;AY.4;1
Guatemala;2021-12;B.1.617.2;1
Guatemala;2021-12;BA.1;22
Guatemala;2021-12;BA.1.1;64
Guatemala;2021-12;BA.1.1.18;3
Guatemala;2021-12;BA.1.15;33
Guatemala;2021-12;BA.1.15.1;2
Guatemala;2021-12;BA.1.17;6
Guatemala;2021-12;BA.1.18;1
Guatemala;2021-12;BA.1.20;2
Guatemala;2022-01;AY.119.1;1
Guatemala;2022-01;AY.3;2
Guatemala;2022-01;AY.39.1;1
Guatemala;2022-01;BA.1;15
Guatemala;2022-01;BA.1.1;114
Guatemala;2022-01;BA.1.1.16;1
Guatemala;2022-01;BA.1.15;20
Guatemala;2022-01;BA.1.17;1
Guatemala;2022-01;BA.1.17.2;1
Guatemala;2022-01;BA.1.18;2
Guatemala;2022-01;BA.1.20;2
Guatemala;2022-02;BA.1;12
Guatemala;2022-02;BA.1.1;46
Guatemala;2022-02;BA.1.1.18;6
Guatemala;2022-02;BA.1.15;5
Guatemala;2022-02;BA.1.18;3
Guatemala;2022-02;XBB.1;1
Guatemala;2022-03;B.1.1.529;3
Guatemala;2022-03;BA.1;7
Guatemala;2022-03;BA.1.1;60
Guatemala;2022-03;BA.1.1.18;6
Guatemala;2022-03;BA.1.15;2
Guatemala;2022-03;BA.1.15.1;2
Guatemala;2022-03;BA.1.18;3
Guatemala;2022-03;BA.2;6
Guatemala;2022-03;BA.2.10;1
Guatemala;2022-03;BA.2.3;1
Guatemala;2022-03;BA.2.9;3
Guatemala;2022-04;B.1.1.529;1
Guatemala;2022-04;BA.1;2
Guatemala;2022-04;BA.1.1;50
Guatemala;2022-04;BA.1.1.1;1
Guatemala;2022-04;BA.1.1.18;3
Guatemala;2022-04;BA.1.18;1
Guatemala;2022-04;BA.2;19
Guatemala;2022-04;BA.2.12.1;1
Guatemala;2022-04;BA.2.3;3
Guatemala;2022-04;BA.2.3.5;7
Guatemala;2022-04;BA.2.65;3
Guatemala;2022-04;BA.2.9;2
Guatemala;2022-05;BA.1;1
Guatemala;2022-05;BA.1.1;10
Guatemala;2022-05;BA.1.1.18;4
Guatemala;2022-05;BA.2;35
Guatemala;2022-05;BA.2.12.1;23
Guatemala;2022-05;BA.2.2;1
Guatemala;2022-05;BA.2.3;7
Guatemala;2022-05;BA.2.3.16;1
Guatemala;2022-05;BA.2.3.5;10
Guatemala;2022-05;BA.2.9;6
Guatemala;2022-05;BA.4.2;2
Guatemala;2022-05;BA.4.4;1
Guatemala;2022-05;BG.4;1
Guatemala;2022-06;BA.2;12
Guatemala;2022-06;BA.2.12;1
Guatemala;2022-06;BA.2.12.1;41
Guatemala;2022-06;BA.2.3;4
Guatemala;2022-06;BA.2.3.5;12
Guatemala;2022-06;BA.2.32;3
Guatemala;2022-06;BA.2.65;1
Guatemala;2022-06;BA.2.9;8
Guatemala;2022-06;BA.2.9.3;1
Guatemala;2022-06;BA.4;2
Guatemala;2022-06;BA.4.1;1
Guatemala;2022-06;BA.4.2;5
Guatemala;2022-06;BA.4.4;1
Guatemala;2022-06;BA.5.1;2
Guatemala;2022-06;BA.5.1.25;1
Guatemala;2022-06;BA.5.2.1;2
Guatemala;2022-06;BA.5.5;12
Guatemala;2022-06;BE.1;4
Guatemala;2022-06;BF.27;1
Guatemala;2022-06;XAM;2
Guatemala;2022-07;BA.2;9
Guatemala;2022-07;BA.2.10.1;1
Guatemala;2022-07;BA.2.12.1;61
Guatemala;2022-07;BA.2.18;1
Guatemala;2022-07;BA.2.3;2
Guatemala;2022-07;BA.2.3.5;6
Guatemala;2022-07;BA.2.9;2
Guatemala;2022-07;BA.2.9.3;3
Guatemala;2022-07;BA.4;12
Guatemala;2022-07;BA.4.1;19
Guatemala;2022-07;BA.4.2;23
Guatemala;2022-07;BA.4.4;16
Guatemala;2022-07;BA.5;3
Guatemala;2022-07;BA.5.1;23
Guatemala;2022-07;BA.5.1.1;2
Guatemala;2022-07;BA.5.1.22;1
Guatemala;2022-07;BA.5.1.23;1
Guatemala;2022-07;BA.5.1.24;1
Guatemala;2022-07;BA.5.1.25;7
Guatemala;2022-07;BA.5.2;16
Guatemala;2022-07;BA.5.2.1;8
Guatemala;2022-07;BA.5.2.16;4
Guatemala;2022-07;BA.5.2.27;1
Guatemala;2022-07;BA.5.2.9;6
Guatemala;2022-07;BA.5.5;70
Guatemala;2022-07;BA.5.5.1;1
Guatemala;2022-07;BA.5.6;2
Guatemala;2022-07;BE.1;7
Guatemala;2022-07;BE.1.1;1
Guatemala;2022-07;BF.10;1
Guatemala;2022-07;Unassigned;1
Guatemala;2022-07;XAS;1
Guatemala;2022-08;BA.2;1
Guatemala;2022-08;BA.2.12.1;14
Guatemala;2022-08;BA.2.3.5;1
Guatemala;2022-08;BA.2.9;1
Guatemala;2022-08;BA.4;3
Guatemala;2022-08;BA.4.1;13
Guatemala;2022-08;BA.4.2;27
Guatemala;2022-08;BA.4.4;11
Guatemala;2022-08;BA.4.6;2
Guatemala;2022-08;BA.5;1
Guatemala;2022-08;BA.5.1;19
Guatemala;2022-08;BA.5.1.24;1
Guatemala;2022-08;BA.5.1.25;10
Guatemala;2022-08;BA.5.1.6;1
Guatemala;2022-08;BA.5.2;27
Guatemala;2022-08;BA.5.2.1;18
Guatemala;2022-08;BA.5.2.16;12
Guatemala;2022-08;BA.5.2.18;1
Guatemala;2022-08;BA.5.2.7;1
Guatemala;2022-08;BA.5.2.9;4
Guatemala;2022-08;BA.5.3.1;3
Guatemala;2022-08;BA.5.5;78
Guatemala;2022-08;BA.5.6;4
Guatemala;2022-08;BE.1;19
Guatemala;2022-08;BE.1.1;6
Guatemala;2022-08;BE.3;1
Guatemala;2022-08;BF.10;3
Guatemala;2022-08;BF.27;2
Guatemala;2022-08;BU.3;1
Guatemala;2022-09;BA.4.4;2
Guatemala;2022-09;BA.4.6;1
Guatemala;2022-09;BA.5.1;11
Guatemala;2022-09;BA.5.1.6;1
Guatemala;2022-09;BA.5.2;8
Guatemala;2022-09;BA.5.2.1;4
Guatemala;2022-09;BA.5.2.16;4
Guatemala;2022-09;BA.5.2.20;1
Guatemala;2022-09;BA.5.2.23;4
Guatemala;2022-09;BA.5.2.9;1
Guatemala;2022-09;BA.5.5;10
Guatemala;2022-09;BA.5.8;1
Guatemala;2022-09;BE.1;6
Guatemala;2022-09;BE.1.2.1;2
Guatemala;2022-09;BU.3;1
Guatemala;2022-09;CP.1.1;1
Guatemala;2022-10;BA.4.1;1
Guatemala;2022-10;BA.4.2;1
Guatemala;2022-10;BA.4.6;1
Guatemala;2022-10;BA.5.1;6
Guatemala;2022-10;BA.5.1.12;1
Guatemala;2022-10;BA.5.1.25;1
Guatemala;2022-10;BA.5.1.27;1
Guatemala;2022-10;BA.5.2;13
Guatemala;2022-10;BA.5.2.1;9
Guatemala;2022-10;BA.5.2.16;3
Guatemala;2022-10;BA.5.2.23;3
Guatemala;2022-10;BA.5.2.9;1
Guatemala;2022-10;BA.5.5;3
Guatemala;2022-10;BE.1;5
Guatemala;2022-10;BE.1.1;1
Guatemala;2022-10;BF.10;2
Guatemala;2022-10;BF.27;5
Guatemala;2022-10;BQ.1.1;4
Guatemala;2022-10;BQ.1.1.18;1
Guatemala;2022-10;BQ.1.1.28;1
Guatemala;2022-10;BQ.1.1.3;1
Guatemala;2022-10;BU.3;6
Guatemala;2022-10;XBB.1;1
Guatemala;2022-11;BA.2.10.1;1
Guatemala;2022-11;BA.2.75.2;3
Guatemala;2022-11;BA.4.2;1
Guatemala;2022-11;BA.5.1.1;1
Guatemala;2022-11;BA.5.1.18;1
Guatemala;2022-11;BA.5.1.23;1
Guatemala;2022-11;BA.5.1.24;1
Guatemala;2022-11;BA.5.1.27;3
Guatemala;2022-11;BA.5.2;20
Guatemala;2022-11;BA.5.2.1;3
Guatemala;2022-11;BA.5.2.23;17
Guatemala;2022-11;BA.5.2.27;1
Guatemala;2022-11;BA.5.2.9;6
Guatemala;2022-11;BA.5.3.1;1
Guatemala;2022-11;BA.5.5.1;1
Guatemala;2022-11;BE.1.2;1
Guatemala;2022-11;BE.1.2.1;3
Guatemala;2022-11;BF.10;1
Guatemala;2022-11;BF.21;3
Guatemala;2022-11;BF.7;4
Guatemala;2022-11;BF.7.5;1
Guatemala;2022-11;BN.1;1
Guatemala;2022-11;BN.1.3.1;1
Guatemala;2022-11;BQ.1;6
Guatemala;2022-11;BQ.1.1;32
Guatemala;2022-11;BQ.1.1.10;1
Guatemala;2022-11;BQ.1.1.11;5
Guatemala;2022-11;BQ.1.1.15;3
Guatemala;2022-11;BQ.1.1.18;8
Guatemala;2022-11;BQ.1.1.25;1
Guatemala;2022-11;BQ.1.1.28;1
Guatemala;2022-11;BQ.1.1.4;34
Guatemala;2022-11;BQ.1.10;1
Guatemala;2022-11;BQ.1.13;10
Guatemala;2022-11;BQ.1.15;2
Guatemala;2022-11;BQ.1.16;1
Guatemala;2022-11;BQ.1.28;1
Guatemala;2022-11;BU.3;4
Guatemala;2022-11;CK.1;2
Guatemala;2022-11;CM.7;1
Guatemala;2022-11;CM.8.1;2
Guatemala;2022-11;CN.1;1
Guatemala;2022-11;CP.1.1;4
Guatemala;2022-11;XBB;2
Guatemala;2022-11;XBB.1;260
Guatemala;2022-11;XBB.3;1
Guatemala;2022-12;BA.2.10.1;4
Guatemala;2022-12;BA.2.3;1
Guatemala;2022-12;BA.2.75.2;3
Guatemala;2022-12;BA.5.1.27;1
Guatemala;2022-12;BA.5.2;5
Guatemala;2022-12;BA.5.2.23;1
Guatemala;2022-12;BA.5.2.9;1
Guatemala;2022-12;BA.5.9;1
Guatemala;2022-12;BE.1.2.1;1
Guatemala;2022-12;BF.7.5;1
Guatemala;2022-12;BN.1.1;1
Guatemala;2022-12;BQ.1;1
Guatemala;2022-12;BQ.1.1;28
Guatemala;2022-12;BQ.1.1.10;1
Guatemala;2022-12;BQ.1.1.11;7
Guatemala;2022-12;BQ.1.1.13;1
Guatemala;2022-12;BQ.1.1.14;3
Guatemala;2022-12;BQ.1.1.15;2
Guatemala;2022-12;BQ.1.1.18;10
Guatemala;2022-12;BQ.1.1.30;1
Guatemala;2022-12;BQ.1.1.32;2
Guatemala;2022-12;BQ.1.1.4;29
Guatemala;2022-12;BQ.1.1.6;1
Guatemala;2022-12;BQ.1.12;1
Guatemala;2022-12;BQ.1.13;5
Guatemala;2022-12;BQ.1.15;1
Guatemala;2022-12;BQ.1.28;1
Guatemala;2022-12;CH.1.1.1;1
Guatemala;2022-12;CM.8.1;1
Guatemala;2022-12;CN.1;2
Guatemala;2022-12;DR.1;1
Guatemala;2022-12;XBB.1;666
Guatemala;2022-12;XBB.1.5;1
Guatemala;2022-12;XBB.2;1
Guatemala;2023-01;BA.2.10.1;4
Guatemala;2023-01;BA.5.2;1
Guatemala;2023-01;BE.1.2.1;4
Guatemala;2023-01;BQ.1.1;10
Guatemala;2023-01;BQ.1.1.10;2
Guatemala;2023-01;BQ.1.1.17;1
Guatemala;2023-01;BQ.1.1.18;4
Guatemala;2023-01;BQ.1.1.25;1
Guatemala;2023-01;BQ.1.1.32;1
Guatemala;2023-01;BQ.1.1.4;4
Guatemala;2023-01;BQ.1.10;1
Guatemala;2023-01;BQ.1.13;2
Guatemala;2023-01;BQ.1.15;1
Guatemala;2023-01;BQ.1.3;1
Guatemala;2023-01;BW.1;1
Guatemala;2023-01;CH.1.1.1;1
Guatemala;2023-01;CM.8.1;1
Guatemala;2023-01;XBB.1;212
Guatemala;2023-01;XBB.1.4;1
Guatemala;2023-01;XBB.1.5;7
Guatemala;2023-01;XBB.1.8;1
Guatemala;2023-01;XBB.2;1
Honduras;2021-01;B.1;2
Honduras;2021-01;B.1.396;1
Honduras;2021-01;B.1.609;1
Honduras;2021-01;B.1.627;5
Honduras;2021-01;XB;2
Honduras;2021-02;A.2.5;1
Honduras;2021-02;B.1.1;1
Honduras;2021-02;B.1.2;3
Honduras;2021-02;B.1.627;8
Honduras;2021-02;B.1.636;5
Honduras;2021-03;B.1.1.519;1
Honduras;2021-04;B.1.1.7;1
Honduras;2021-04;B.1.2;1
Honduras;2021-04;B.1.627;7
Honduras;2021-04;B.1.631;1
Honduras;2021-04;B.1.636;1
Honduras;2021-04;XB;24
Honduras;2021-05;A.2.5;6
Honduras;2021-05;P.1.10;2
Honduras;2021-05;XB;5
Honduras;2021-06;B.1;1
Honduras;2021-06;B.1.627;2
Honduras;2021-06;B.1.634;3
Honduras;2021-06;B.1.636;1
Honduras;2021-06;XB;27
Honduras;2021-07;A.2.5;1
Honduras;2021-07;AY.113;2
Honduras;2021-07;AY.43;1
Honduras;2021-07;XB;1
Honduras;2021-08;AY.100;1
Honduras;2021-08;AY.113;1
Honduras;2021-08;P.1;1
Honduras;2021-08;P.1.7;1
Honduras;2021-09;AY.100;4
Honduras;2021-09;AY.113;14
Honduras;2021-09;AY.122;1
Honduras;2021-09;AY.20;1
Honduras;2021-09;AY.43;4
Honduras;2021-09;AY.54;1
Honduras;2021-09;B.1.1.529;1
Honduras;2021-10;AY.100;3
Honduras;2021-10;AY.101;1
Honduras;2021-10;AY.113;16
Honduras;2021-10;AY.20;3
Honduras;2021-11;AY.100;2
Honduras;2021-11;AY.113;4
Honduras;2021-11;AY.119.1;5
Honduras;2021-11;AY.43;1
Honduras;2021-11;AY.75;1
Honduras;2021-12;AY.100;1
Honduras;2021-12;AY.43;1
Honduras;2021-12;BA.1;1
Honduras;2021-12;BA.1.1;14
Honduras;2021-12;BA.1.1.8;2
Honduras;2021-12;BA.1.15;8
Honduras;2021-12;BA.1.18;2
Honduras;2022-01;BA.1;1
Honduras;2022-01;BA.1.1;11
Honduras;2022-01;BA.1.15;1
Honduras;2022-01;BA.1.18;6
Honduras;2022-04;BA.2.12.1;1
Honduras;2022-06;BA.2.12.1;1
Nicaragua;2020-03;A.2.4;2
Nicaragua;2020-03;A.3;2
Nicaragua;2020-03;B.1;8
Nicaragua;2020-03;B.1.1.10;1
Nicaragua;2020-04;B.1;5
Nicaragua;2020-04;B.1.1;1
Nicaragua;2020-04;B.1.1.516;2
Nicaragua;2020-04;B.1.291;1
Nicaragua;2020-04;B.1.439;4
Nicaragua;2020-05;B.1;10
Nicaragua;2020-05;B.1.1;4
Nicaragua;2020-05;B.1.1.328;1
Nicaragua;2020-05;B.1.291;1
Nicaragua;2020-05;B.1.439;1
Nicaragua;2020-06;B.1;3
Nicaragua;2020-06;B.1.1;5
Nicaragua;2020-06;B.1.1.516;2
Nicaragua;2020-06;B.1.291;8
Nicaragua;2020-06;B.1.439;2
Nicaragua;2020-07;B.1;1
Nicaragua;2020-07;B.1.1;3
Nicaragua;2020-07;B.1.1.328;2
Nicaragua;2020-07;B.1.1.516;1
Nicaragua;2020-07;B.1.439;1
Nicaragua;2020-08;B.1;1
Nicaragua;2020-08;B.1.1.328;1
Nicaragua;2020-08;B.1.1.516;2
Nicaragua;2020-09;B.1.1;1
Nicaragua;2020-09;B.1.1.328;4
Nicaragua;2020-09;B.1.1.516;2
Nicaragua;2020-10;B.1.1.328;3
Nicaragua;2020-10;B.1.1.389;1
Nicaragua;2020-11;B.1;1
Nicaragua;2020-11;B.1.1;1
Nicaragua;2020-11;B.1.1.328;5
Nicaragua;2020-11;B.1.291;1
Nicaragua;2020-12;A.2.5.2;3
Nicaragua;2020-12;B.1.1;1
Nicaragua;2020-12;B.1.1.328;15
Nicaragua;2020-12;B.1.429;1
Nicaragua;2021-01;A.2.5;1
Nicaragua;2021-01;A.2.5.2;1
Nicaragua;2021-01;AY.113;1
Nicaragua;2021-01;B.1;2
Nicaragua;2021-01;B.1.1;1
Nicaragua;2021-01;B.1.1.328;22
Nicaragua;2021-01;B.1.1.389;1
Nicaragua;2021-01;B.1.429;1
Nicaragua;2021-01;B.1.627;1
Nicaragua;2021-02;A.2.5;7
Nicaragua;2021-03;A.2.5.2;1
Nicaragua;2021-03;B.1.1;1
Nicaragua;2021-03;B.1.1.328;15
Nicaragua;2021-03;B.1.429;2
Nicaragua;2021-03;A.2.5;7
Nicaragua;2021-03;A.2.5.2;8
Nicaragua;2021-03;B.1.1.328;12
Nicaragua;2021-04;A.2.5;29
Nicaragua;2021-04;A.2.5.2;6
Nicaragua;2021-04;P.1;3
Nicaragua;2021-05;A.2.5;44
Nicaragua;2021-05;A.2.5.2;15
Nicaragua;2021-05;B.1.1.328;1
Nicaragua;2021-05;B.1.1.7;1
Nicaragua;2021-05;B.1.351;1
Nicaragua;2021-05;B.1.627;1
Nicaragua;2021-05;C.37;2
Nicaragua;2021-05;P.1;1
Nicaragua;2021-06;A.2.5;25
Nicaragua;2021-06;A.2.5.2;10
Nicaragua;2021-06;AY.113;3
Nicaragua;2021-06;AY.75;2
Nicaragua;2021-06;B.1.1;2
Nicaragua;2021-06;C.37;1
Nicaragua;2021-06;P.1;18
Nicaragua;2021-06;P.1.10;3
Nicaragua;2021-07;A.2.5;24
Nicaragua;2021-07;A.2.5.2;22
Nicaragua;2021-07;AY.113;16
Nicaragua;2021-07;AY.75;4
Nicaragua;2021-07;B;1
Nicaragua;2021-07;B.1.1.7;1
Nicaragua;2021-07;B.1.617.2;1
Nicaragua;2021-07;B.1.621;2
Nicaragua;2021-07;C.37;2
Nicaragua;2021-07;C.37.1;2
Nicaragua;2021-07;P.1;27
Nicaragua;2021-07;P.1.10;7
Nicaragua;2021-07;P.1.12;1
Nicaragua;2021-07;P.1.15;2
Nicaragua;2021-07;XB;1
Nicaragua;2021-08;A.2.5;8
Nicaragua;2021-08;A.2.5.2;7
Nicaragua;2021-08;AY.103;1
Nicaragua;2021-08;AY.113;125
Nicaragua;2021-08;AY.122;1
Nicaragua;2021-08;AY.39;1
Nicaragua;2021-08;AY.75;7
Nicaragua;2021-08;B.1.1.7;1
Nicaragua;2021-08;B.1.110.3;1
Nicaragua;2021-08;B.1.617.2;4
Nicaragua;2021-08;B.1.621;2
Nicaragua;2021-08;P.1;17
Nicaragua;2021-08;P.1.10;1
Nicaragua;2021-08;P.1.2;1
Nicaragua;2021-08;P.1.4;1
Nicaragua;2021-08;P.1.7;1
Nicaragua;2021-08;XB;1
Nicaragua;2021-09;A.2.5;3
Nicaragua;2021-09;A.2.5.2;2
Nicaragua;2021-09;AY.113;20
Nicaragua;2021-09;AY.75;1
Nicaragua;2021-09;B.1.617.2;1
Nicaragua;2021-09;P.1;3
Nicaragua;2021-09;P.1.10;1
Nicaragua;2021-10;A.2.5;1
Nicaragua;2021-10;AY.113;11
Nicaragua;2021-10;AY.75;1
Nicaragua;2021-10;B.1.617.2;1
Nicaragua;2021-10;P.1;6
Nicaragua;2021-10;P.1.4;1
Nicaragua;2021-11;AY.113;1
Nicaragua;2021-12;AY.113;4
Nicaragua;2021-12;B.1.617.2;1
Nicaragua;2021-12;BA.1;3
Nicaragua;2021-12;BA.1.1;6
Nicaragua;2021-12;BA.1.15;4
Nicaragua;2021-12;BA.1.17;2
Nicaragua;2021-12;BA.1.17.2;1
Nicaragua;2021-12;BA.1.18;1
Nicaragua;2021-12;BA.1.20;1
Nicaragua;2021-12;Unassigned;4
Nicaragua;2022-01;BA.1;3
Nicaragua;2022-01;BA.1.1;28
Nicaragua;2022-01;BA.1.15;5
Nicaragua;2022-01;BA.1.17;1
Nicaragua;2022-01;BA.1.20;1
Nicaragua;2022-01;BA.1.6;1
Nicaragua;2022-02;BA.1.1;12
Nicaragua;2022-02;BA.1.15;2
Nicaragua;2022-02;BA.1.20;1
Nicaragua;2022-02;Unassigned;1
Nicaragua;2022-03;BA.1;1
Nicaragua;2022-03;BA.1.1;13
Nicaragua;2022-03;BA.1.15;3
Nicaragua;2022-03;BA.1.18;1
Nicaragua;2022-03;BA.2.9;2
Nicaragua;2022-03;Unassigned;2
Nicaragua;2022-04;BA.1.1;2
Nicaragua;2022-04;BA.2;2
Nicaragua;2022-04;Unassigned;1
Nicaragua;2022-05;BA.2;8
Nicaragua;2022-05;BA.2.10.1;1
Nicaragua;2022-05;BA.2.12.1;1
Nicaragua;2022-05;BA.2.9;5
Nicaragua;2022-05;BA.3;2
Nicaragua;2022-05;Unassigned;3
Nicaragua;2022-05;XAF;1
Nicaragua;2022-06;BA.2;22
Nicaragua;2022-06;BA.2.12.1;2
Nicaragua;2022-06;BA.2.13;2
Nicaragua;2022-06;BA.2.3;1
Nicaragua;2022-06;BA.2.9;25
Nicaragua;2022-06;Unassigned;6
Nicaragua;2022-06;XAF;1
Nicaragua;2022-07;BA.2;1
Nicaragua;2022-08;BA.2;1
Nicaragua;2022-08;BA.2.9;1
Nicaragua;2022-08;BA.4.1;1
Nicaragua;2022-08;BA.4.6;1
Nicaragua;2022-08;BA.5;1
Nicaragua;2022-08;BA.5.1;1
Nicaragua;2022-08;BA.5.1.23;1
Nicaragua;2022-08;BA.5.2;2
Nicaragua;2022-08;BA.5.2.23;12
Nicaragua;2022-09;BA.4.6.5;1
Nicaragua;2022-09;BA.5.2;1
Nicaragua;2022-09;BA.5.2.23;6
Nicaragua;2022-10;BA.4.1;1
Nicaragua;2022-10;BA.5.2.23;26
Nicaragua;2022-11;BA.2;2
Nicaragua;2022-11;BA.5.2.23;6
Nicaragua;2022-11;BQ.1.1;3
Nicaragua;2022-11;BQ.1.1.4;1
Nicaragua;2022-11;XBB.1;10
Nicaragua;2022-12;BA.5.2.23;3
Nicaragua;2022-12;BQ.1.1.4;1
Nicaragua;2022-12;Unassigned;3
Nicaragua;2022-12;XBB.1;77
Panama;2020-02;A.1;1
Panama;2020-02;A.2;3
Panama;2020-02;A.2.4;3
Panama;2020-02;B;1
Panama;2020-03;A;4
Panama;2020-03;A.1;9
Panama;2020-03;A.2;46
Panama;2020-03;A.2.4;80
Panama;2020-03;A.3;6
Panama;2020-03;A.5;1
Panama;2020-03;B.1;37
Panama;2020-03;B.1.1;1
Panama;2020-03;B.1.111;1
Panama;2020-03;B.1.510;1
Panama;2020-03;B.40;1
Panama;2020-03;Unassigned;9
Panama;2020-04;A;1
Panama;2020-04;A.2;21
Panama;2020-04;A.2.2;1
Panama;2020-04;A.2.4;107
Panama;2020-04;A.2.5;3
Panama;2020-04;A.2.5.1;1
Panama;2020-04;A.2.5.2;1
Panama;2020-04;A.3;11
Panama;2020-04;B.1;40
Panama;2020-04;B.1.1;2
Panama;2020-04;B.1.111;1
Panama;2020-04;Unassigned;7
Panama;2020-05;A.2;3
Panama;2020-05;A.2.4;64
Panama;2020-05;A.2.5;1
Panama;2020-05;A.2.5.1;1
Panama;2020-05;A.3;2
Panama;2020-05;B.1;30
Panama;2020-05;B.1.111;1
Panama;2020-05;B.1.540;1
Panama;2020-05;Unassigned;1
Panama;2020-06;A.2;3
Panama;2020-06;A.2.4;71
Panama;2020-06;A.2.5;2
Panama;2020-06;B;1
Panama;2020-06;B.1;19
Panama;2020-06;B.1.547;20
Panama;2020-07;A.2;11
Panama;2020-07;A.2.4;34
Panama;2020-07;A.2.5;15
Panama;2020-07;A.2.5.2;2
Panama;2020-07;B.1;50
Panama;2020-07;B.1.547;5
Panama;2020-09;A.2;1
Panama;2020-09;A.2.4;8
Panama;2020-09;A.2.5;2
Panama;2020-09;B.1;97
Panama;2020-09;B.1.199;3
Panama;2020-09;B.1.256;1
Panama;2020-09;B.1.547;4
Panama;2020-09;B.1.77;1
Panama;2020-09;B.1;36
Panama;2020-09;B.1.547;1
Panama;2020-10;A.2.4;1
Panama;2020-10;A.2.5;2
Panama;2020-10;B.1;26
Panama;2020-10;B.1.248;2
Panama;2020-10;B.1.547;4
Panama;2020-10;B.1.78;3
Panama;2020-11;A.2.4;1
Panama;2020-11;A.2.5;6
Panama;2020-11;B.1;5
Panama;2020-11;B.1.111;1
Panama;2020-11;Unassigned;1
Panama;2020-12;A.2;2
Panama;2020-12;A.2.4;7
Panama;2020-12;A.2.5;38
Panama;2020-12;A.2.5.1;2
Panama;2020-12;A.2.5.2;5
Panama;2020-12;B.1;19
Panama;2020-12;B.1.2;1
Panama;2020-12;B.1.203;1
Panama;2020-12;B.1.547;1
Panama;2021-01;A.2;1
Panama;2021-01;A.2.4;4
Panama;2021-01;A.2.5;78
Panama;2021-01;A.2.5.1;2
Panama;2021-01;A.2.5.2;16
Panama;2021-01;B.1;9
Panama;2021-01;B.1.1.28;2
Panama;2021-01;B.1.203;1
Panama;2021-01;B.1.234;1
Panama;2021-01;B.1.351;2
Panama;2021-01;B.1.547;1
Panama;2021-01;Unassigned;1
Panama;2021-02;A.2.4;4
Panama;2021-02;A.2.5;91
Panama;2021-02;A.2.5.2;15
Panama;2021-02;P.1;2
Panama;2021-02;P.2;1
Panama;2021-03;A.2.4;1
Panama;2021-03;A.2.5;116
Panama;2021-03;A.2.5.1;20
Panama;2021-03;A.2.5.2;18
Panama;2021-03;B.1;1
Panama;2021-03;B.1.1.328;1
Panama;2021-03;B.1.1.348;4
Panama;2021-03;B.1.1.7;3
Panama;2021-03;B.1.2;1
Panama;2021-03;B.1.429;1
Panama;2021-03;B.1.575;1
Panama;2021-03;B.1.621;1
Panama;2021-03;B.1.623;1
Panama;2021-03;B.1.637;1
Panama;2021-03;C.37;2
Panama;2021-03;P.1;18
Panama;2021-03;P.2;2
Panama;2021-04;A.2.5;70
Panama;2021-04;A.2.5.1;23
Panama;2021-04;A.2.5.2;11
Panama;2021-04;B.1;3
Panama;2021-04;B.1.1;1
Panama;2021-04;B.1.1.348;2
Panama;2021-04;B.1.1.519;1
Panama;2021-04;B.1.1.7;25
Panama;2021-04;B.1.427;1
Panama;2021-04;B.1.526;2
Panama;2021-04;B.1.617.2;1
Panama;2021-04;B.1.621;14
Panama;2021-04;B.1.621.1;1
Panama;2021-04;B.1.625;6
Panama;2021-04;C.37;9
Panama;2021-04;N.5;2
Panama;2021-04;P.1;21
Panama;2021-04;P.1.15;1
Panama;2021-04;P.1.7;1
Panama;2021-05;A.2.5;74
Panama;2021-05;A.2.5.1;12
Panama;2021-05;A.2.5.2;10
Panama;2021-05;B.1.1.7;63
Panama;2021-05;B.1.575;2
Panama;2021-05;B.1.617.2;4
Panama;2021-05;B.1.621;26
Panama;2021-05;B.1.625;2
Panama;2021-05;B.1.630;1
Panama;2021-05;C.37;36
Panama;2021-05;P.1;45
Panama;2021-05;Q.4;1
Panama;2021-06;A.2.5;22
Panama;2021-06;A.2.5.1;3
Panama;2021-06;A.2.5.2;5
Panama;2021-06;AY.38;1
Panama;2021-06;B.1.1.528;1
Panama;2021-06;B.1.1.7;48
Panama;2021-06;B.1.621;65
Panama;2021-06;B.1.625;3
Panama;2021-06;B.1.634;1
Panama;2021-06;C.1.2;1
Panama;2021-06;C.37;21
Panama;2021-06;P.1;30
Panama;2021-06;P.1.12;1
Panama;2021-06;Q.4;1
Panama;2021-06;Unassigned;1
Panama;2021-07;A.2.5;24
Panama;2021-07;A.2.5.1;2
Panama;2021-07;A.2.5.2;1
Panama;2021-07;AY.100;2
Panama;2021-07;AY.113;2
Panama;2021-07;AY.116;1
Panama;2021-07;AY.122;2
Panama;2021-07;AY.13;1
Panama;2021-07;AY.20;3
Panama;2021-07;AY.25.1;3
Panama;2021-07;AY.26;2
Panama;2021-07;AY.44;1
Panama;2021-07;AY.75;2
Panama;2021-07;B.1.1.7;29
Panama;2021-07;B.1.617.2;1
Panama;2021-07;B.1.621;109
Panama;2021-07;B.1.621.1;2
Panama;2021-07;B.1.625;1
Panama;2021-07;C.37;34
Panama;2021-07;P.1;62
Panama;2021-07;P.1.4;1
Panama;2021-07;Q.4;1
Panama;2021-07;Unassigned;1
Panama;2021-08;A.2.5;8
Panama;2021-08;A.2.5.2;1
Panama;2021-08;AY.100;9
Panama;2021-08;AY.113;23
Panama;2021-08;AY.118;1
Panama;2021-08;AY.119;1
Panama;2021-08;AY.119.2;1
Panama;2021-08;AY.122;4
Panama;2021-08;AY.13;2
Panama;2021-08;AY.20;6
Panama;2021-08;AY.25;2
Panama;2021-08;AY.25.1;3
Panama;2021-08;AY.26;3
Panama;2021-08;AY.3;2
Panama;2021-08;AY.39;2
Panama;2021-08;AY.42;1
Panama;2021-08;AY.44;4
Panama;2021-08;AY.45;1
Panama;2021-08;AY.47;1
Panama;2021-08;AY.5;1
Panama;2021-08;AY.59;1
Panama;2021-08;AY.98.1;4
Panama;2021-08;B.1.1.7;14
Panama;2021-08;B.1.617.2;5
Panama;2021-08;B.1.621;149
Panama;2021-08;B.1.621.1;3
Panama;2021-08;C.37;26
Panama;2021-08;P.1;30
Panama;2021-08;P.1.4;1
Panama;2021-08;P.1.7;2
Panama;2021-09;AY.100;9
Panama;2021-09;AY.101;5
Panama;2021-09;AY.103;2
Panama;2021-09;AY.113;53
Panama;2021-09;AY.119;2
Panama;2021-09;AY.119.1;2
Panama;2021-09;AY.119.2;12
Panama;2021-09;AY.122;8
Panama;2021-09;AY.13;10
Panama;2021-09;AY.20;2
Panama;2021-09;AY.25.1;7
Panama;2021-09;AY.26;4
Panama;2021-09;AY.34.1.1;1
Panama;2021-09;AY.39;2
Panama;2021-09;AY.43;1
Panama;2021-09;AY.44;22
Panama;2021-09;AY.47;1
Panama;2021-09;AY.9.2;4
Panama;2021-09;AY.98.1;25
Panama;2021-09;B.1.1;1
Panama;2021-09;B.1.1.7;2
Panama;2021-09;B.1.617.2;9
Panama;2021-09;B.1.621;75
Panama;2021-09;C.37;1
Panama;2021-09;P.1;2
Panama;2021-09;P.1.7.1;1
Panama;2021-10;AY.100;12
Panama;2021-10;AY.101;6
Panama;2021-10;AY.103;4
Panama;2021-10;AY.113;53
Panama;2021-10;AY.116;1
Panama;2021-10;AY.118;2
Panama;2021-10;AY.119;1
Panama;2021-10;AY.119.2;14
Panama;2021-10;AY.122;8
Panama;2021-10;AY.122.4;1
Panama;2021-10;AY.124.1;1
Panama;2021-10;AY.125;2
Panama;2021-10;AY.13;8
Panama;2021-10;AY.20;5
Panama;2021-10;AY.25.1;13
Panama;2021-10;AY.26;2
Panama;2021-10;AY.3;3
Panama;2021-10;AY.35;2
Panama;2021-10;AY.43;2
Panama;2021-10;AY.43.3;1
Panama;2021-10;AY.44;6
Panama;2021-10;AY.59;1
Panama;2021-10;AY.75;5
Panama;2021-10;AY.9.2;2
Panama;2021-10;AY.98.1;23
Panama;2021-10;B.1.617.2;11
Panama;2021-10;B.1.621;13
Panama;2021-10;C.37;1
Panama;2021-10;P.1.7;2
Panama;2021-11;AY.100;4
Panama;2021-11;AY.113;15
Panama;2021-11;AY.117;1
Panama;2021-11;AY.118;20
Panama;2021-11;AY.119;4
Panama;2021-11;AY.119.1;3
Panama;2021-11;AY.119.2;21
Panama;2021-11;AY.120.1;1
Panama;2021-11;AY.121;1
Panama;2021-11;AY.122;13
Panama;2021-11;AY.122.4;7
Panama;2021-11;AY.124.1;3
Panama;2021-11;AY.125;1
Panama;2021-11;AY.13;2
Panama;2021-11;AY.20;7
Panama;2021-11;AY.25.1;4
Panama;2021-11;AY.26;2
Panama;2021-11;AY.35;1
Panama;2021-11;AY.4;3
Panama;2021-11;AY.42;1
Panama;2021-11;AY.43;2
Panama;2021-11;AY.43.3;2
Panama;2021-11;AY.44;3
Panama;2021-11;AY.98.1;9
Panama;2021-11;AY.99.2;1
Panama;2021-11;B.1.617.2;32
Panama;2021-11;B.1.621;6
Panama;2021-11;P.1.7;1
Panama;2021-12;AY.100;6
Panama;2021-12;AY.101;6
Panama;2021-12;AY.103;5
Panama;2021-12;AY.113;6
Panama;2021-12;AY.118;55
Panama;2021-12;AY.119;1
Panama;2021-12;AY.119.1;1
Panama;2021-12;AY.119.2;91
Panama;2021-12;AY.122;2
Panama;2021-12;AY.122.4;19
Panama;2021-12;AY.124.1;1
Panama;2021-12;AY.127;1
Panama;2021-12;AY.13;1
Panama;2021-12;AY.20;3
Panama;2021-12;AY.25;1
Panama;2021-12;AY.25.1;6
Panama;2021-12;AY.25.1.2;6
Panama;2021-12;AY.35;1
Panama;2021-12;AY.39;1
Panama;2021-12;AY.4;10
Panama;2021-12;AY.42;6
Panama;2021-12;AY.43;1
Panama;2021-12;AY.43.3;4
Panama;2021-12;AY.44;2
Panama;2021-12;AY.73;1
Panama;2021-12;AY.98.1;3
Panama;2021-12;B.1.617.2;22
Panama;2021-12;BA.1;21
Panama;2021-12;BA.1.1;85
Panama;2021-12;BA.1.1.1;2
Panama;2021-12;BA.1.1.10;2
Panama;2021-12;BA.1.1.16;30
Panama;2021-12;BA.1.15;23
Panama;2021-12;BA.1.17;12
Panama;2021-12;BA.1.17.2;1
Panama;2021-12;BA.1.18;6
Panama;2021-12;BA.1.20;1
Panama;2022-01;AY.118;9
Panama;2022-01;AY.119.1;1
Panama;2022-01;AY.119.2;2
Panama;2022-01;AY.4;1
Panama;2022-01;AY.43.3;5
Panama;2022-01;AY.98.1;2
Panama;2022-01;B.1.1.529;3
Panama;2022-01;BA.1;26
Panama;2022-01;BA.1.1;198
Panama;2022-01;BA.1.1.1;1
Panama;2022-01;BA.1.1.16;82
Panama;2022-01;BA.1.1.18;1
Panama;2022-01;BA.1.15;31
Panama;2022-01;BA.1.17;27
Panama;2022-01;BA.1.17.2;2
Panama;2022-01;BA.1.18;13
Panama;2022-01;BA.1.20;1
Panama;2022-01;BA.1.6;4
Panama;2022-01;BA.2;1
Panama;2022-02;AY.100;1
Panama;2022-02;BA.1;11
Panama;2022-02;BA.1.1;131
Panama;2022-02;BA.1.1.16;49
Panama;2022-02;BA.1.1.7;1
Panama;2022-02;BA.1.15;11
Panama;2022-02;BA.1.17;27
Panama;2022-02;BA.1.17.2;5
Panama;2022-02;BA.1.18;3
Panama;2022-02;BA.1.20;2
Panama;2022-02;BA.1.6;1
Panama;2022-02;BA.2;4
Panama;2022-02;BA.2.10;1
Panama;2022-02;BA.2.3;1
Panama;2022-02;BA.2.9;1
Panama;2022-02;Unassigned;4
Panama;2022-03;BA.1;5
Panama;2022-03;BA.1.1;84
Panama;2022-03;BA.1.1.16;26
Panama;2022-03;BA.1.15;3
Panama;2022-03;BA.1.17;4
Panama;2022-03;BA.1.18;2
Panama;2022-03;BA.1.20;2
Panama;2022-03;BA.2;26
Panama;2022-03;BA.2.21;1
Panama;2022-03;BA.2.3;5
Panama;2022-03;BA.2.6;1
Panama;2022-03;BA.2.9;2
Panama;2022-03;XAM;6
Panama;2022-04;B.1.1.529;1
Panama;2022-04;BA.1.1;19
Panama;2022-04;BA.1.1.16;5
Panama;2022-04;BA.1.15;4
Panama;2022-04;BA.1.17;8
Panama;2022-04;BA.1.20;1
Panama;2022-04;BA.2;90
Panama;2022-04;BA.2.10;7
Panama;2022-04;BA.2.12.1;2
Panama;2022-04;BA.2.3;3
Panama;2022-04;BA.2.38;1
Panama;2022-04;BA.2.65;3
Panama;2022-04;BA.2.9;11
Panama;2022-04;Unassigned;1
Panama;2022-04;XAF;12
Panama;2022-04;XAM;60
Panama;2022-05;BA.1.1;2
Panama;2022-05;BA.1.1.16;4
Panama;2022-05;BA.1.17;1
Panama;2022-05;BA.2;114
Panama;2022-05;BA.2.1;3
Panama;2022-05;BA.2.10;11
Panama;2022-05;BA.2.12.1;17
Panama;2022-05;BA.2.3;15
Panama;2022-05;BA.2.38;1
Panama;2022-05;BA.2.65;5
Panama;2022-05;BA.2.7;2
Panama;2022-05;BA.2.72;2
Panama;2022-05;BA.2.9;30
Panama;2022-05;BA.5.1;1
Panama;2022-05;BA.5.2;2
Panama;2022-05;XAF;41
Panama;2022-05;XAM;123
Panama;2022-06;BA.1.1.16;4
Panama;2022-06;BA.1.17;1
Panama;2022-06;BA.2;52
Panama;2022-06;BA.2.1;1
Panama;2022-06;BA.2.10;4
Panama;2022-06;BA.2.12;2
Panama;2022-06;BA.2.12.1;48
Panama;2022-06;BA.2.3;7
Panama;2022-06;BA.2.38;1
Panama;2022-06;BA.2.60;3
Panama;2022-06;BA.2.65;2
Panama;2022-06;BA.2.72;1
Panama;2022-06;BA.2.9;16
Panama;2022-06;BA.2.9.7;1
Panama;2022-06;BA.4;7
Panama;2022-06;BA.4.1;10
Panama;2022-06;BA.4.2;1
Panama;2022-06;BA.5.1;27
Panama;2022-06;BA.5.2;71
Panama;2022-06;BA.5.2.1;5
Panama;2022-06;BA.5.2.28;1
Panama;2022-06;BA.5.3.1;2
Panama;2022-06;BA.5.5;1
Panama;2022-06;BA.5.6;1
Panama;2022-06;BE.1.2;1
Panama;2022-06;XAF;25
Panama;2022-06;XAM;119
Panama;2022-07;BA.2;4
Panama;2022-07;BA.2.12;1
Panama;2022-07;BA.2.12.1;12
Panama;2022-07;BA.2.72;1
Panama;2022-07;BA.2.9;2
Panama;2022-07;BA.4.1;4
Panama;2022-07;BA.4.4;2
Panama;2022-07;BA.5;8
Panama;2022-07;BA.5.1;26
Panama;2022-07;BA.5.1.1;1
Panama;2022-07;BA.5.1.23;2
Panama;2022-07;BA.5.2;102
Panama;2022-07;BA.5.2.1;12
Panama;2022-07;BA.5.2.9;2
Panama;2022-07;BA.5.3.1;1
Panama;2022-07;BE.1;3
Panama;2022-07;BE.1.2;4
Panama;2022-07;BE.1.2.1;1
Panama;2022-07;BE.1.4;1
Panama;2022-07;BE.4;1
Panama;2022-07;BF.10;1
Panama;2022-07;XAF;3
Panama;2022-07;XAM;3
Panama;2022-08;BA.2;2
Panama;2022-08;BA.2.12.1;2
Panama;2022-08;BA.4;2
Panama;2022-08;BA.4.1;1
Panama;2022-08;BA.4.1.8;1
Panama;2022-08;BA.4.6;3
Panama;2022-08;BA.5;7
Panama;2022-08;BA.5.1;22
Panama;2022-08;BA.5.1.24;2
Panama;2022-08;BA.5.1.30;1
Panama;2022-08;BA.5.2;158
Panama;2022-08;BA.5.2.1;3
Panama;2022-08;BA.5.2.9;3
Panama;2022-08;BA.5.3.1;5
Panama;2022-08;BA.5.6;2
Panama;2022-08;BE.1;1
Panama;2022-08;BE.1.2;27
Panama;2022-08;BE.1.2.1;4
Panama;2022-08;BF.10;2
Panama;2022-08;BF.4;1
Panama;2022-08;XAF;1
Panama;2022-08;XAM;5
Panama;2022-09;BA.4;1
Panama;2022-09;BA.4.6;3
Panama;2022-09;BA.4.6.5;1
Panama;2022-09;BA.5.1;2
Panama;2022-09;BA.5.2;41
Panama;2022-09;BA.5.2.1;1
Panama;2022-09;BA.5.2.9;9
Panama;2022-09;BA.5.3.1;1
Panama;2022-09;BE.1;5
Panama;2022-09;BE.1.1.2;2
Panama;2022-09;BE.1.2;16
Panama;2022-09;BE.1.2.1;5
Panama;2022-09;BF.10;1
Panama;2022-09;BF.5;1
Panama;2022-10;BA.4.6;2
Panama;2022-10;BA.5.1.12;1
Panama;2022-10;BA.5.2;2
Panama;2022-10;BA.5.2.1;1
Panama;2022-10;BA.5.2.20;1
Panama;2022-10;BA.5.2.23;1
Panama;2022-10;BA.5.2.9;2
Panama;2022-10;BE.1.2;7
Panama;2022-10;BE.1.2.1;14
Panama;2022-11;BA.2.10.1;3
Panama;2022-11;BA.4.6;1
Panama;2022-11;BA.5.1.12;2
Panama;2022-11;BA.5.1.15;1
Panama;2022-11;BA.5.2;4
Panama;2022-11;BA.5.2.1;1
Panama;2022-11;BA.5.2.23;1
Panama;2022-11;BE.1;1
Panama;2022-11;BE.1.1;1
Panama;2022-11;BE.1.2;10
Panama;2022-11;BE.1.2.1;47
Panama;2022-11;BF.4;1
Panama;2022-11;BF.7;1
Panama;2022-11;BF.7.5;1
Panama;2022-11;BN.1.3.1;3
Panama;2022-11;BQ.1.1;84
Panama;2022-11;BQ.1.1.16;1
Panama;2022-11;BQ.1.1.18;11
Panama;2022-11;BQ.1.1.23;1
Panama;2022-11;BQ.1.1.24;7
Panama;2022-11;BQ.1.1.4;4
Panama;2022-11;BQ.1.1.6;25
Panama;2022-11;BQ.1.1.7;1
Panama;2022-11;BQ.1.1.8;5
Panama;2022-11;BQ.1.1.9;2
Panama;2022-11;BQ.1.9;1
Panama;2022-11;XBB.1;1
Panama;2022-12;BA.2.10.1;3
Panama;2022-12;BA.4.1;1
Panama;2022-12;BA.5.1.12;1
Panama;2022-12;BE.1.2;1
Panama;2022-12;BE.1.2.1;9
Panama;2022-12;BN.1.3.1;4
Panama;2022-12;BQ.1;1
Panama;2022-12;BQ.1.1;53
Panama;2022-12;BQ.1.1.1;1
Panama;2022-12;BQ.1.1.11;1
Panama;2022-12;BQ.1.1.18;10
Panama;2022-12;BQ.1.1.24;14
Panama;2022-12;BQ.1.1.32;2
Panama;2022-12;BQ.1.1.4;3
Panama;2022-12;BQ.1.1.6;18
Panama;2022-12;BQ.1.1.7;1
Panama;2022-12;BQ.1.1.9;2
Panama;2022-12;BQ.1.10;1
Panama;2022-12;BQ.1.11;1
Panama;2022-12;CK.1;1
Panama;2022-12;DJ.1.1;1
Panama;2022-12;XBB.1;1
Panama;2022-12;XBB.2;1
Panama;2023-01;BA.2.10.1;1
Panama;2023-01;BQ.1.1.10;1
Panama;2023-01;BQ.1.1.18;1
Panama;2023-01;BQ.1.1.23;1
Panama;2023-01;BQ.1.1.6;6
Panama;2023-01;XBB.1;5
Panama;2023-01;XBB.1.5;1